flight_id;from_airport;to_airport;departure_date_time;arrival_date_time;marketing_airline_name;flight_number;price;link
BRUALC20230507HV9003;BRU;ALC;2023-05-07T17:25:00;2023-05-07T19:55:00;HV;9003;234.0;https://www.transavia.com/nl-NL/bookingtool/flights/deeplink?ds=BRU&as=ALC&ap=1&cp=0&od=7&om=5&oy=2023&utm_source=API&utm_medium=Public
BRUALC20230509HV9003;BRU;ALC;2023-05-09T17:25:00;2023-05-09T19:55:00;HV;9003;199.0;https://www.transavia.com/nl-NL/bookingtool/flights/deeplink?ds=BRU&as=ALC&ap=1&cp=0&od=9&om=5&oy=2023&utm_source=API&utm_medium=Public
BRUALC20230510HV9003;BRU;ALC;2023-05-10T16:05:00;2023-05-10T18:35:00;HV;9003;182.0;https://www.transavia.com/nl-NL/bookingtool/flights/deeplink?ds=BRU&as=ALC&ap=1&cp=0&od=10&om=5&oy=2023&utm_source=API&utm_medium=Public
BRUALC20230511HV9003;BRU;ALC;2023-05-11T06:50:00;2023-05-11T09:15:00;HV;9003;152.0;https://www.transavia.com/nl-NL/bookingtool/flights/deeplink?ds=BRU&as=ALC&ap=1&cp=0&od=11&om=5&oy=2023&utm_source=API&utm_medium=Public
BRUALC20230513HV9003;BRU;ALC;2023-05-13T16:20:00;2023-05-13T18:50:00;HV;9003;234.0;https://www.transavia.com/nl-NL/bookingtool/flights/deeplink?ds=BRU&as=ALC&ap=1&cp=0&od=13&om=5&oy=2023&utm_source=API&utm_medium=Public
BRUALC20230514HV9003;BRU;ALC;2023-05-14T17:25:00;2023-05-14T19:55:00;HV;9003;199.0;https://www.transavia.com/nl-NL/bookingtool/flights/deeplink?ds=BRU&as=ALC&ap=1&cp=0&od=14&om=5&oy=2023&utm_source=API&utm_medium=Public
BRUALC20230516HV9003;BRU;ALC;2023-05-16T17:25:00;2023-05-16T19:55:00;HV;9003;217.0;https://www.transavia.com/nl-NL/bookingtool/flights/deeplink?ds=BRU&as=ALC&ap=1&cp=0&od=16&om=5&oy=2023&utm_source=API&utm_medium=Public
BRUALC20230517HV9003;BRU;ALC;2023-05-17T16:05:00;2023-05-17T18:35:00;HV;9003;256.0;https://www.transavia.com/nl-NL/bookingtool/flights/deeplink?ds=BRU&as=ALC&ap=1&cp=0&od=17&om=5&oy=2023&utm_source=API&utm_medium=Public
BRUALC20230518HV9003;BRU;ALC;2023-05-18T06:50:00;2023-05-18T09:15:00;HV;9003;279.0;https://www.transavia.com/nl-NL/bookingtool/flights/deeplink?ds=BRU&as=ALC&ap=1&cp=0&od=18&om=5&oy=2023&utm_source=API&utm_medium=Public
BRUALC20230520HV9003;BRU;ALC;2023-05-20T16:20:00;2023-05-20T18:50:00;HV;9003;167.0;https://www.transavia.com/nl-NL/bookingtool/flights/deeplink?ds=BRU&as=ALC&ap=1&cp=0&od=20&om=5&oy=2023&utm_source=API&utm_medium=Public
BRUALC20230521HV9003;BRU;ALC;2023-05-21T17:25:00;2023-05-21T19:55:00;HV;9003;152.0;https://www.transavia.com/nl-NL/bookingtool/flights/deeplink?ds=BRU&as=ALC&ap=1&cp=0&od=21&om=5&oy=2023&utm_source=API&utm_medium=Public
BRUALC20230523HV9003;BRU;ALC;2023-05-23T17:25:00;2023-05-23T19:55:00;HV;9003;125.0;https://www.transavia.com/nl-NL/bookingtool/flights/deeplink?ds=BRU&as=ALC&ap=1&cp=0&od=23&om=5&oy=2023&utm_source=API&utm_medium=Public
BRUALC20230524HV9003;BRU;ALC;2023-05-24T16:05:00;2023-05-24T18:35:00;HV;9003;112.0;https://www.transavia.com/nl-NL/bookingtool/flights/deeplink?ds=BRU&as=ALC&ap=1&cp=0&od=24&om=5&oy=2023&utm_source=API&utm_medium=Public
BRUALC20230525HV9003;BRU;ALC;2023-05-25T06:50:00;2023-05-25T09:15:00;HV;9003;101.0;https://www.transavia.com/nl-NL/bookingtool/flights/deeplink?ds=BRU&as=ALC&ap=1&cp=0&od=25&om=5&oy=2023&utm_source=API&utm_medium=Public
BRUALC20230527HV9003;BRU;ALC;2023-05-27T16:20:00;2023-05-27T18:50:00;HV;9003;152.0;https://www.transavia.com/nl-NL/bookingtool/flights/deeplink?ds=BRU&as=ALC&ap=1&cp=0&od=27&om=5&oy=2023&utm_source=API&utm_medium=Public
BRUALC20230528HV9003;BRU;ALC;2023-05-28T17:25:00;2023-05-28T19:55:00;HV;9003;125.0;https://www.transavia.com/nl-NL/bookingtool/flights/deeplink?ds=BRU&as=ALC&ap=1&cp=0&od=28&om=5&oy=2023&utm_source=API&utm_medium=Public
BRUALC20230530HV9003;BRU;ALC;2023-05-30T17:25:00;2023-05-30T19:55:00;HV;9003;91.0;https://www.transavia.com/nl-NL/bookingtool/flights/deeplink?ds=BRU&as=ALC&ap=1&cp=0&od=30&om=5&oy=2023&utm_source=API&utm_medium=Public
BRUALC20230531HV9003;BRU;ALC;2023-05-31T16:05:00;2023-05-31T18:35:00;HV;9003;125.0;https://www.transavia.com/nl-NL/bookingtool/flights/deeplink?ds=BRU&as=ALC&ap=1&cp=0&od=31&om=5&oy=2023&utm_source=API&utm_medium=Public
BRUALC20230601HV9003;BRU;ALC;2023-06-01T06:50:00;2023-06-01T09:15:00;HV;9003;101.0;https://www.transavia.com/nl-NL/bookingtool/flights/deeplink?ds=BRU&as=ALC&ap=1&cp=0&od=1&om=6&oy=2023&utm_source=API&utm_medium=Public
BRUALC20230603HV9003;BRU;ALC;2023-06-03T16:20:00;2023-06-03T18:50:00;HV;9003;138.0;https://www.transavia.com/nl-NL/bookingtool/flights/deeplink?ds=BRU&as=ALC&ap=1&cp=0&od=3&om=6&oy=2023&utm_source=API&utm_medium=Public
BRUALC20230604HV9003;BRU;ALC;2023-06-04T17:25:00;2023-06-04T19:55:00;HV;9003;152.0;https://www.transavia.com/nl-NL/bookingtool/flights/deeplink?ds=BRU&as=ALC&ap=1&cp=0&od=4&om=6&oy=2023&utm_source=API&utm_medium=Public
BRUALC20230606HV9003;BRU;ALC;2023-06-06T17:25:00;2023-06-06T19:55:00;HV;9003;138.0;https://www.transavia.com/nl-NL/bookingtool/flights/deeplink?ds=BRU&as=ALC&ap=1&cp=0&od=6&om=6&oy=2023&utm_source=API&utm_medium=Public
BRUALC20230607HV9003;BRU;ALC;2023-06-07T16:05:00;2023-06-07T18:35:00;HV;9003;125.0;https://www.transavia.com/nl-NL/bookingtool/flights/deeplink?ds=BRU&as=ALC&ap=1&cp=0&od=7&om=6&oy=2023&utm_source=API&utm_medium=Public
BRUALC20230608HV9003;BRU;ALC;2023-06-08T06:50:00;2023-06-08T09:15:00;HV;9003;112.0;https://www.transavia.com/nl-NL/bookingtool/flights/deeplink?ds=BRU&as=ALC&ap=1&cp=0&od=8&om=6&oy=2023&utm_source=API&utm_medium=Public
BRUALC20230610HV9003;BRU;ALC;2023-06-10T16:20:00;2023-06-10T18:50:00;HV;9003;125.0;https://www.transavia.com/nl-NL/bookingtool/flights/deeplink?ds=BRU&as=ALC&ap=1&cp=0&od=10&om=6&oy=2023&utm_source=API&utm_medium=Public
BRUALC20230611HV9003;BRU;ALC;2023-06-11T17:25:00;2023-06-11T19:55:00;HV;9003;152.0;https://www.transavia.com/nl-NL/bookingtool/flights/deeplink?ds=BRU&as=ALC&ap=1&cp=0&od=11&om=6&oy=2023&utm_source=API&utm_medium=Public
BRUALC20230613HV9003;BRU;ALC;2023-06-13T17:25:00;2023-06-13T19:55:00;HV;9003;112.0;https://www.transavia.com/nl-NL/bookingtool/flights/deeplink?ds=BRU&as=ALC&ap=1&cp=0&od=13&om=6&oy=2023&utm_source=API&utm_medium=Public
BRUALC20230614HV9003;BRU;ALC;2023-06-14T16:05:00;2023-06-14T18:35:00;HV;9003;125.0;https://www.transavia.com/nl-NL/bookingtool/flights/deeplink?ds=BRU&as=ALC&ap=1&cp=0&od=14&om=6&oy=2023&utm_source=API&utm_medium=Public
BRUALC20230615HV9003;BRU;ALC;2023-06-15T06:50:00;2023-06-15T09:15:00;HV;9003;101.0;https://www.transavia.com/nl-NL/bookingtool/flights/deeplink?ds=BRU&as=ALC&ap=1&cp=0&od=15&om=6&oy=2023&utm_source=API&utm_medium=Public
BRUALC20230617HV9003;BRU;ALC;2023-06-17T16:20:00;2023-06-17T18:50:00;HV;9003;138.0;https://www.transavia.com/nl-NL/bookingtool/flights/deeplink?ds=BRU&as=ALC&ap=1&cp=0&od=17&om=6&oy=2023&utm_source=API&utm_medium=Public
BRUALC20230618HV9003;BRU;ALC;2023-06-18T17:25:00;2023-06-18T19:55:00;HV;9003;125.0;https://www.transavia.com/nl-NL/bookingtool/flights/deeplink?ds=BRU&as=ALC&ap=1&cp=0&od=18&om=6&oy=2023&utm_source=API&utm_medium=Public
BRUALC20230620HV9003;BRU;ALC;2023-06-20T17:25:00;2023-06-20T19:55:00;HV;9003;112.0;https://www.transavia.com/nl-NL/bookingtool/flights/deeplink?ds=BRU&as=ALC&ap=1&cp=0&od=20&om=6&oy=2023&utm_source=API&utm_medium=Public
BRUALC20230621HV9003;BRU;ALC;2023-06-21T16:05:00;2023-06-21T18:35:00;HV;9003;112.0;https://www.transavia.com/nl-NL/bookingtool/flights/deeplink?ds=BRU&as=ALC&ap=1&cp=0&od=21&om=6&oy=2023&utm_source=API&utm_medium=Public
BRUALC20230622HV9003;BRU;ALC;2023-06-22T06:50:00;2023-06-22T09:15:00;HV;9003;101.0;https://www.transavia.com/nl-NL/bookingtool/flights/deeplink?ds=BRU&as=ALC&ap=1&cp=0&od=22&om=6&oy=2023&utm_source=API&utm_medium=Public
BRUALC20230624HV9003;BRU;ALC;2023-06-24T16:20:00;2023-06-24T18:50:00;HV;9003;152.0;https://www.transavia.com/nl-NL/bookingtool/flights/deeplink?ds=BRU&as=ALC&ap=1&cp=0&od=24&om=6&oy=2023&utm_source=API&utm_medium=Public
BRUALC20230625HV9003;BRU;ALC;2023-06-25T17:25:00;2023-06-25T19:55:00;HV;9003;152.0;https://www.transavia.com/nl-NL/bookingtool/flights/deeplink?ds=BRU&as=ALC&ap=1&cp=0&od=25&om=6&oy=2023&utm_source=API&utm_medium=Public
BRUALC20230627HV9003;BRU;ALC;2023-06-27T17:25:00;2023-06-27T19:55:00;HV;9003;167.0;https://www.transavia.com/nl-NL/bookingtool/flights/deeplink?ds=BRU&as=ALC&ap=1&cp=0&od=27&om=6&oy=2023&utm_source=API&utm_medium=Public
BRUALC20230628HV9003;BRU;ALC;2023-06-28T16:05:00;2023-06-28T18:35:00;HV;9003;167.0;https://www.transavia.com/nl-NL/bookingtool/flights/deeplink?ds=BRU&as=ALC&ap=1&cp=0&od=28&om=6&oy=2023&utm_source=API&utm_medium=Public
BRUALC20230629HV9003;BRU;ALC;2023-06-29T06:35:00;2023-06-29T09:05:00;HV;9003;138.0;https://www.transavia.com/nl-NL/bookingtool/flights/deeplink?ds=BRU&as=ALC&ap=1&cp=0&od=29&om=6&oy=2023&utm_source=API&utm_medium=Public
BRUALC20230701HV9015;BRU;ALC;2023-07-01T16:30:00;2023-07-01T19:00:00;HV;9015;234.0;https://www.transavia.com/nl-NL/bookingtool/flights/deeplink?ds=BRU&as=ALC&ap=1&cp=0&od=1&om=7&oy=2023&utm_source=API&utm_medium=Public
BRUALC20230702HV9121;BRU;ALC;2023-07-02T18:40:00;2023-07-02T21:05:00;HV;9121;204.0;https://www.transavia.com/nl-NL/bookingtool/flights/deeplink?ds=BRU&as=ALC&ap=1&cp=0&od=2&om=7&oy=2023&utm_source=API&utm_medium=Public
BRUALC20230703HV9121;BRU;ALC;2023-07-03T18:25:00;2023-07-03T20:50:00;HV;9121;204.0;https://www.transavia.com/nl-NL/bookingtool/flights/deeplink?ds=BRU&as=ALC&ap=1&cp=0&od=3&om=7&oy=2023&utm_source=API&utm_medium=Public
BRUALC20230704HV9005;BRU;ALC;2023-07-04T16:10:00;2023-07-04T18:40:00;HV;9005;189.0;https://www.transavia.com/nl-NL/bookingtool/flights/deeplink?ds=BRU&as=ALC&ap=1&cp=0&od=4&om=7&oy=2023&utm_source=API&utm_medium=Public
BRUALC20230705HV9005;BRU;ALC;2023-07-05T16:20:00;2023-07-05T18:45:00;HV;9005;189.0;https://www.transavia.com/nl-NL/bookingtool/flights/deeplink?ds=BRU&as=ALC&ap=1&cp=0&od=5&om=7&oy=2023&utm_source=API&utm_medium=Public
BRUALC20230706HV9003;BRU;ALC;2023-07-06T06:35:00;2023-07-06T09:05:00;HV;9003;219.0;https://www.transavia.com/nl-NL/bookingtool/flights/deeplink?ds=BRU&as=ALC&ap=1&cp=0&od=6&om=7&oy=2023&utm_source=API&utm_medium=Public
BRUALC20230708HV9015;BRU;ALC;2023-07-08T16:30:00;2023-07-08T19:00:00;HV;9015;249.0;https://www.transavia.com/nl-NL/bookingtool/flights/deeplink?ds=BRU&as=ALC&ap=1&cp=0&od=8&om=7&oy=2023&utm_source=API&utm_medium=Public
BRUALC20230709HV9121;BRU;ALC;2023-07-09T18:40:00;2023-07-09T21:05:00;HV;9121;249.0;https://www.transavia.com/nl-NL/bookingtool/flights/deeplink?ds=BRU&as=ALC&ap=1&cp=0&od=9&om=7&oy=2023&utm_source=API&utm_medium=Public
BRUALC20230710HV9121;BRU;ALC;2023-07-10T18:25:00;2023-07-10T20:50:00;HV;9121;219.0;https://www.transavia.com/nl-NL/bookingtool/flights/deeplink?ds=BRU&as=ALC&ap=1&cp=0&od=10&om=7&oy=2023&utm_source=API&utm_medium=Public
BRUALC20230711HV9005;BRU;ALC;2023-07-11T16:10:00;2023-07-11T18:40:00;HV;9005;204.0;https://www.transavia.com/nl-NL/bookingtool/flights/deeplink?ds=BRU&as=ALC&ap=1&cp=0&od=11&om=7&oy=2023&utm_source=API&utm_medium=Public
BRUALC20230712HV9005;BRU;ALC;2023-07-12T16:20:00;2023-07-12T18:45:00;HV;9005;176.0;https://www.transavia.com/nl-NL/bookingtool/flights/deeplink?ds=BRU&as=ALC&ap=1&cp=0&od=12&om=7&oy=2023&utm_source=API&utm_medium=Public
BRUALC20230713HV9003;BRU;ALC;2023-07-13T06:35:00;2023-07-13T09:05:00;HV;9003;162.0;https://www.transavia.com/nl-NL/bookingtool/flights/deeplink?ds=BRU&as=ALC&ap=1&cp=0&od=13&om=7&oy=2023&utm_source=API&utm_medium=Public
BRUALC20230715HV9015;BRU;ALC;2023-07-15T16:30:00;2023-07-15T19:00:00;HV;9015;234.0;https://www.transavia.com/nl-NL/bookingtool/flights/deeplink?ds=BRU&as=ALC&ap=1&cp=0&od=15&om=7&oy=2023&utm_source=API&utm_medium=Public
BRUALC20230716HV9121;BRU;ALC;2023-07-16T18:40:00;2023-07-16T21:05:00;HV;9121;234.0;https://www.transavia.com/nl-NL/bookingtool/flights/deeplink?ds=BRU&as=ALC&ap=1&cp=0&od=16&om=7&oy=2023&utm_source=API&utm_medium=Public
BRUALC20230717HV9121;BRU;ALC;2023-07-17T18:25:00;2023-07-17T20:50:00;HV;9121;204.0;https://www.transavia.com/nl-NL/bookingtool/flights/deeplink?ds=BRU&as=ALC&ap=1&cp=0&od=17&om=7&oy=2023&utm_source=API&utm_medium=Public
BRUALC20230718HV9005;BRU;ALC;2023-07-18T16:10:00;2023-07-18T18:40:00;HV;9005;189.0;https://www.transavia.com/nl-NL/bookingtool/flights/deeplink?ds=BRU&as=ALC&ap=1&cp=0&od=18&om=7&oy=2023&utm_source=API&utm_medium=Public
BRUALC20230719HV9005;BRU;ALC;2023-07-19T16:20:00;2023-07-19T18:45:00;HV;9005;176.0;https://www.transavia.com/nl-NL/bookingtool/flights/deeplink?ds=BRU&as=ALC&ap=1&cp=0&od=19&om=7&oy=2023&utm_source=API&utm_medium=Public
BRUALC20230720HV9003;BRU;ALC;2023-07-20T06:35:00;2023-07-20T09:05:00;HV;9003;162.0;https://www.transavia.com/nl-NL/bookingtool/flights/deeplink?ds=BRU&as=ALC&ap=1&cp=0&od=20&om=7&oy=2023&utm_source=API&utm_medium=Public
BRUALC20230722HV9015;BRU;ALC;2023-07-22T16:30:00;2023-07-22T19:00:00;HV;9015;219.0;https://www.transavia.com/nl-NL/bookingtool/flights/deeplink?ds=BRU&as=ALC&ap=1&cp=0&od=22&om=7&oy=2023&utm_source=API&utm_medium=Public
BRUALC20230723HV9121;BRU;ALC;2023-07-23T18:40:00;2023-07-23T21:05:00;HV;9121;204.0;https://www.transavia.com/nl-NL/bookingtool/flights/deeplink?ds=BRU&as=ALC&ap=1&cp=0&od=23&om=7&oy=2023&utm_source=API&utm_medium=Public
BRUALC20230724HV9121;BRU;ALC;2023-07-24T18:25:00;2023-07-24T20:50:00;HV;9121;219.0;https://www.transavia.com/nl-NL/bookingtool/flights/deeplink?ds=BRU&as=ALC&ap=1&cp=0&od=24&om=7&oy=2023&utm_source=API&utm_medium=Public
BRUALC20230725HV9005;BRU;ALC;2023-07-25T16:10:00;2023-07-25T18:40:00;HV;9005;189.0;https://www.transavia.com/nl-NL/bookingtool/flights/deeplink?ds=BRU&as=ALC&ap=1&cp=0&od=25&om=7&oy=2023&utm_source=API&utm_medium=Public
BRUALC20230726HV9005;BRU;ALC;2023-07-26T16:20:00;2023-07-26T18:45:00;HV;9005;148.0;https://www.transavia.com/nl-NL/bookingtool/flights/deeplink?ds=BRU&as=ALC&ap=1&cp=0&od=26&om=7&oy=2023&utm_source=API&utm_medium=Public
BRUALC20230727HV9003;BRU;ALC;2023-07-27T06:35:00;2023-07-27T09:05:00;HV;9003;176.0;https://www.transavia.com/nl-NL/bookingtool/flights/deeplink?ds=BRU&as=ALC&ap=1&cp=0&od=27&om=7&oy=2023&utm_source=API&utm_medium=Public
BRUALC20230729HV9015;BRU;ALC;2023-07-29T16:30:00;2023-07-29T19:00:00;HV;9015;204.0;https://www.transavia.com/nl-NL/bookingtool/flights/deeplink?ds=BRU&as=ALC&ap=1&cp=0&od=29&om=7&oy=2023&utm_source=API&utm_medium=Public
BRUALC20230730HV9121;BRU;ALC;2023-07-30T18:40:00;2023-07-30T21:05:00;HV;9121;176.0;https://www.transavia.com/nl-NL/bookingtool/flights/deeplink?ds=BRU&as=ALC&ap=1&cp=0&od=30&om=7&oy=2023&utm_source=API&utm_medium=Public
BRUALC20230731HV9121;BRU;ALC;2023-07-31T18:25:00;2023-07-31T20:50:00;HV;9121;219.0;https://www.transavia.com/nl-NL/bookingtool/flights/deeplink?ds=BRU&as=ALC&ap=1&cp=0&od=31&om=7&oy=2023&utm_source=API&utm_medium=Public
BRUALC20230801HV9005;BRU;ALC;2023-08-01T16:10:00;2023-08-01T18:40:00;HV;9005;182.0;https://www.transavia.com/nl-NL/bookingtool/flights/deeplink?ds=BRU&as=ALC&ap=1&cp=0&od=1&om=8&oy=2023&utm_source=API&utm_medium=Public
BRUALC20230802HV9005;BRU;ALC;2023-08-02T16:20:00;2023-08-02T18:45:00;HV;9005;167.0;https://www.transavia.com/nl-NL/bookingtool/flights/deeplink?ds=BRU&as=ALC&ap=1&cp=0&od=2&om=8&oy=2023&utm_source=API&utm_medium=Public
BRUALC20230803HV9003;BRU;ALC;2023-08-03T06:35:00;2023-08-03T09:05:00;HV;9003;152.0;https://www.transavia.com/nl-NL/bookingtool/flights/deeplink?ds=BRU&as=ALC&ap=1&cp=0&od=3&om=8&oy=2023&utm_source=API&utm_medium=Public
BRUALC20230805HV9015;BRU;ALC;2023-08-05T16:30:00;2023-08-05T19:00:00;HV;9015;182.0;https://www.transavia.com/nl-NL/bookingtool/flights/deeplink?ds=BRU&as=ALC&ap=1&cp=0&od=5&om=8&oy=2023&utm_source=API&utm_medium=Public
BRUALC20230806HV9121;BRU;ALC;2023-08-06T18:40:00;2023-08-06T21:05:00;HV;9121;125.0;https://www.transavia.com/nl-NL/bookingtool/flights/deeplink?ds=BRU&as=ALC&ap=1&cp=0&od=6&om=8&oy=2023&utm_source=API&utm_medium=Public
BRUALC20230807HV9121;BRU;ALC;2023-08-07T18:25:00;2023-08-07T20:50:00;HV;9121;125.0;https://www.transavia.com/nl-NL/bookingtool/flights/deeplink?ds=BRU&as=ALC&ap=1&cp=0&od=7&om=8&oy=2023&utm_source=API&utm_medium=Public
BRUALC20230808HV9005;BRU;ALC;2023-08-08T16:10:00;2023-08-08T18:40:00;HV;9005;138.0;https://www.transavia.com/nl-NL/bookingtool/flights/deeplink?ds=BRU&as=ALC&ap=1&cp=0&od=8&om=8&oy=2023&utm_source=API&utm_medium=Public
BRUALC20230809HV9005;BRU;ALC;2023-08-09T16:20:00;2023-08-09T18:45:00;HV;9005;125.0;https://www.transavia.com/nl-NL/bookingtool/flights/deeplink?ds=BRU&as=ALC&ap=1&cp=0&od=9&om=8&oy=2023&utm_source=API&utm_medium=Public
BRUALC20230810HV9003;BRU;ALC;2023-08-10T06:35:00;2023-08-10T09:05:00;HV;9003;125.0;https://www.transavia.com/nl-NL/bookingtool/flights/deeplink?ds=BRU&as=ALC&ap=1&cp=0&od=10&om=8&oy=2023&utm_source=API&utm_medium=Public
BRUALC20230812HV9015;BRU;ALC;2023-08-12T16:30:00;2023-08-12T19:00:00;HV;9015;167.0;https://www.transavia.com/nl-NL/bookingtool/flights/deeplink?ds=BRU&as=ALC&ap=1&cp=0&od=12&om=8&oy=2023&utm_source=API&utm_medium=Public
BRUALC20230813HV9121;BRU;ALC;2023-08-13T18:40:00;2023-08-13T21:05:00;HV;9121;125.0;https://www.transavia.com/nl-NL/bookingtool/flights/deeplink?ds=BRU&as=ALC&ap=1&cp=0&od=13&om=8&oy=2023&utm_source=API&utm_medium=Public
BRUALC20230814HV9121;BRU;ALC;2023-08-14T18:25:00;2023-08-14T20:50:00;HV;9121;125.0;https://www.transavia.com/nl-NL/bookingtool/flights/deeplink?ds=BRU&as=ALC&ap=1&cp=0&od=14&om=8&oy=2023&utm_source=API&utm_medium=Public
BRUALC20230815HV9005;BRU;ALC;2023-08-15T16:10:00;2023-08-15T18:40:00;HV;9005;112.0;https://www.transavia.com/nl-NL/bookingtool/flights/deeplink?ds=BRU&as=ALC&ap=1&cp=0&od=15&om=8&oy=2023&utm_source=API&utm_medium=Public
BRUALC20230816HV9005;BRU;ALC;2023-08-16T16:20:00;2023-08-16T18:45:00;HV;9005;112.0;https://www.transavia.com/nl-NL/bookingtool/flights/deeplink?ds=BRU&as=ALC&ap=1&cp=0&od=16&om=8&oy=2023&utm_source=API&utm_medium=Public
BRUALC20230817HV9003;BRU;ALC;2023-08-17T06:35:00;2023-08-17T09:05:00;HV;9003;101.0;https://www.transavia.com/nl-NL/bookingtool/flights/deeplink?ds=BRU&as=ALC&ap=1&cp=0&od=17&om=8&oy=2023&utm_source=API&utm_medium=Public
BRUALC20230819HV9015;BRU;ALC;2023-08-19T16:30:00;2023-08-19T19:00:00;HV;9015;101.0;https://www.transavia.com/nl-NL/bookingtool/flights/deeplink?ds=BRU&as=ALC&ap=1&cp=0&od=19&om=8&oy=2023&utm_source=API&utm_medium=Public
BRUALC20230820HV9121;BRU;ALC;2023-08-20T18:40:00;2023-08-20T21:05:00;HV;9121;91.0;https://www.transavia.com/nl-NL/bookingtool/flights/deeplink?ds=BRU&as=ALC&ap=1&cp=0&od=20&om=8&oy=2023&utm_source=API&utm_medium=Public
BRUALC20230821HV9121;BRU;ALC;2023-08-21T18:25:00;2023-08-21T20:50:00;HV;9121;82.0;https://www.transavia.com/nl-NL/bookingtool/flights/deeplink?ds=BRU&as=ALC&ap=1&cp=0&od=21&om=8&oy=2023&utm_source=API&utm_medium=Public
BRUALC20230822HV9005;BRU;ALC;2023-08-22T16:10:00;2023-08-22T18:40:00;HV;9005;101.0;https://www.transavia.com/nl-NL/bookingtool/flights/deeplink?ds=BRU&as=ALC&ap=1&cp=0&od=22&om=8&oy=2023&utm_source=API&utm_medium=Public
BRUALC20230823HV9005;BRU;ALC;2023-08-23T16:20:00;2023-08-23T18:45:00;HV;9005;112.0;https://www.transavia.com/nl-NL/bookingtool/flights/deeplink?ds=BRU&as=ALC&ap=1&cp=0&od=23&om=8&oy=2023&utm_source=API&utm_medium=Public
BRUALC20230824HV9003;BRU;ALC;2023-08-24T06:35:00;2023-08-24T09:05:00;HV;9003;65.0;https://www.transavia.com/nl-NL/bookingtool/flights/deeplink?ds=BRU&as=ALC&ap=1&cp=0&od=24&om=8&oy=2023&utm_source=API&utm_medium=Public
BRUALC20230826HV9015;BRU;ALC;2023-08-26T16:30:00;2023-08-26T19:00:00;HV;9015;91.0;https://www.transavia.com/nl-NL/bookingtool/flights/deeplink?ds=BRU&as=ALC&ap=1&cp=0&od=26&om=8&oy=2023&utm_source=API&utm_medium=Public
BRUALC20230827HV9121;BRU;ALC;2023-08-27T18:40:00;2023-08-27T21:05:00;HV;9121;82.0;https://www.transavia.com/nl-NL/bookingtool/flights/deeplink?ds=BRU&as=ALC&ap=1&cp=0&od=27&om=8&oy=2023&utm_source=API&utm_medium=Public
BRUALC20230828HV9121;BRU;ALC;2023-08-28T07:30:00;2023-08-28T09:55:00;HV;9121;82.0;https://www.transavia.com/nl-NL/bookingtool/flights/deeplink?ds=BRU&as=ALC&ap=1&cp=0&od=28&om=8&oy=2023&utm_source=API&utm_medium=Public
BRUALC20230829HV9003;BRU;ALC;2023-08-29T17:25:00;2023-08-29T19:55:00;HV;9003;82.0;https://www.transavia.com/nl-NL/bookingtool/flights/deeplink?ds=BRU&as=ALC&ap=1&cp=0&od=29&om=8&oy=2023&utm_source=API&utm_medium=Public
BRUALC20230830HV9003;BRU;ALC;2023-08-30T16:05:00;2023-08-30T18:35:00;HV;9003;101.0;https://www.transavia.com/nl-NL/bookingtool/flights/deeplink?ds=BRU&as=ALC&ap=1&cp=0&od=30&om=8&oy=2023&utm_source=API&utm_medium=Public
BRUALC20230831HV9003;BRU;ALC;2023-08-31T06:50:00;2023-08-31T09:15:00;HV;9003;91.0;https://www.transavia.com/nl-NL/bookingtool/flights/deeplink?ds=BRU&as=ALC&ap=1&cp=0&od=31&om=8&oy=2023&utm_source=API&utm_medium=Public
BRUALC20230902HV9003;BRU;ALC;2023-09-02T16:20:00;2023-09-02T18:50:00;HV;9003;125.0;https://www.transavia.com/nl-NL/bookingtool/flights/deeplink?ds=BRU&as=ALC&ap=1&cp=0&od=2&om=9&oy=2023&utm_source=API&utm_medium=Public
BRUALC20230903HV9003;BRU;ALC;2023-09-03T17:25:00;2023-09-03T19:55:00;HV;9003;112.0;https://www.transavia.com/nl-NL/bookingtool/flights/deeplink?ds=BRU&as=ALC&ap=1&cp=0&od=3&om=9&oy=2023&utm_source=API&utm_medium=Public
BRUALC20230904HV9121;BRU;ALC;2023-09-04T07:30:00;2023-09-04T09:55:00;HV;9121;112.0;https://www.transavia.com/nl-NL/bookingtool/flights/deeplink?ds=BRU&as=ALC&ap=1&cp=0&od=4&om=9&oy=2023&utm_source=API&utm_medium=Public
BRUALC20230905HV9003;BRU;ALC;2023-09-05T17:25:00;2023-09-05T19:55:00;HV;9003;112.0;https://www.transavia.com/nl-NL/bookingtool/flights/deeplink?ds=BRU&as=ALC&ap=1&cp=0&od=5&om=9&oy=2023&utm_source=API&utm_medium=Public
BRUALC20230906HV9003;BRU;ALC;2023-09-06T16:05:00;2023-09-06T18:35:00;HV;9003;101.0;https://www.transavia.com/nl-NL/bookingtool/flights/deeplink?ds=BRU&as=ALC&ap=1&cp=0&od=6&om=9&oy=2023&utm_source=API&utm_medium=Public
BRUALC20230907HV9003;BRU;ALC;2023-09-07T06:50:00;2023-09-07T09:15:00;HV;9003;125.0;https://www.transavia.com/nl-NL/bookingtool/flights/deeplink?ds=BRU&as=ALC&ap=1&cp=0&od=7&om=9&oy=2023&utm_source=API&utm_medium=Public
BRUALC20230909HV9003;BRU;ALC;2023-09-09T16:20:00;2023-09-09T18:50:00;HV;9003;112.0;https://www.transavia.com/nl-NL/bookingtool/flights/deeplink?ds=BRU&as=ALC&ap=1&cp=0&od=9&om=9&oy=2023&utm_source=API&utm_medium=Public
BRUALC20230910HV9003;BRU;ALC;2023-09-10T17:25:00;2023-09-10T19:55:00;HV;9003;101.0;https://www.transavia.com/nl-NL/bookingtool/flights/deeplink?ds=BRU&as=ALC&ap=1&cp=0&od=10&om=9&oy=2023&utm_source=API&utm_medium=Public
BRUALC20230911HV9121;BRU;ALC;2023-09-11T07:30:00;2023-09-11T09:55:00;HV;9121;112.0;https://www.transavia.com/nl-NL/bookingtool/flights/deeplink?ds=BRU&as=ALC&ap=1&cp=0&od=11&om=9&oy=2023&utm_source=API&utm_medium=Public
BRUALC20230912HV9003;BRU;ALC;2023-09-12T17:25:00;2023-09-12T19:55:00;HV;9003;112.0;https://www.transavia.com/nl-NL/bookingtool/flights/deeplink?ds=BRU&as=ALC&ap=1&cp=0&od=12&om=9&oy=2023&utm_source=API&utm_medium=Public
BRUALC20230913HV9003;BRU;ALC;2023-09-13T16:05:00;2023-09-13T18:35:00;HV;9003;152.0;https://www.transavia.com/nl-NL/bookingtool/flights/deeplink?ds=BRU&as=ALC&ap=1&cp=0&od=13&om=9&oy=2023&utm_source=API&utm_medium=Public
BRUALC20230914HV9003;BRU;ALC;2023-09-14T06:50:00;2023-09-14T09:15:00;HV;9003;101.0;https://www.transavia.com/nl-NL/bookingtool/flights/deeplink?ds=BRU&as=ALC&ap=1&cp=0&od=14&om=9&oy=2023&utm_source=API&utm_medium=Public
BRUALC20230916HV9003;BRU;ALC;2023-09-16T16:20:00;2023-09-16T18:50:00;HV;9003;125.0;https://www.transavia.com/nl-NL/bookingtool/flights/deeplink?ds=BRU&as=ALC&ap=1&cp=0&od=16&om=9&oy=2023&utm_source=API&utm_medium=Public
BRUALC20230917HV9003;BRU;ALC;2023-09-17T17:25:00;2023-09-17T19:55:00;HV;9003;101.0;https://www.transavia.com/nl-NL/bookingtool/flights/deeplink?ds=BRU&as=ALC&ap=1&cp=0&od=17&om=9&oy=2023&utm_source=API&utm_medium=Public
BRUALC20230918HV9121;BRU;ALC;2023-09-18T07:30:00;2023-09-18T09:55:00;HV;9121;91.0;https://www.transavia.com/nl-NL/bookingtool/flights/deeplink?ds=BRU&as=ALC&ap=1&cp=0&od=18&om=9&oy=2023&utm_source=API&utm_medium=Public
BRUALC20230919HV9003;BRU;ALC;2023-09-19T17:25:00;2023-09-19T19:55:00;HV;9003;101.0;https://www.transavia.com/nl-NL/bookingtool/flights/deeplink?ds=BRU&as=ALC&ap=1&cp=0&od=19&om=9&oy=2023&utm_source=API&utm_medium=Public
BRUALC20230920HV9003;BRU;ALC;2023-09-20T16:05:00;2023-09-20T18:35:00;HV;9003;112.0;https://www.transavia.com/nl-NL/bookingtool/flights/deeplink?ds=BRU&as=ALC&ap=1&cp=0&od=20&om=9&oy=2023&utm_source=API&utm_medium=Public
BRUALC20230921HV9003;BRU;ALC;2023-09-21T06:50:00;2023-09-21T09:15:00;HV;9003;101.0;https://www.transavia.com/nl-NL/bookingtool/flights/deeplink?ds=BRU&as=ALC&ap=1&cp=0&od=21&om=9&oy=2023&utm_source=API&utm_medium=Public
BRUALC20230923HV9003;BRU;ALC;2023-09-23T16:20:00;2023-09-23T18:50:00;HV;9003;101.0;https://www.transavia.com/nl-NL/bookingtool/flights/deeplink?ds=BRU&as=ALC&ap=1&cp=0&od=23&om=9&oy=2023&utm_source=API&utm_medium=Public
BRUALC20230924HV9003;BRU;ALC;2023-09-24T17:25:00;2023-09-24T19:55:00;HV;9003;91.0;https://www.transavia.com/nl-NL/bookingtool/flights/deeplink?ds=BRU&as=ALC&ap=1&cp=0&od=24&om=9&oy=2023&utm_source=API&utm_medium=Public
BRUALC20230925HV9121;BRU;ALC;2023-09-25T07:30:00;2023-09-25T09:55:00;HV;9121;82.0;https://www.transavia.com/nl-NL/bookingtool/flights/deeplink?ds=BRU&as=ALC&ap=1&cp=0&od=25&om=9&oy=2023&utm_source=API&utm_medium=Public
BRUALC20230926HV9003;BRU;ALC;2023-09-26T17:25:00;2023-09-26T19:55:00;HV;9003;91.0;https://www.transavia.com/nl-NL/bookingtool/flights/deeplink?ds=BRU&as=ALC&ap=1&cp=0&od=26&om=9&oy=2023&utm_source=API&utm_medium=Public
BRUALC20230927HV9003;BRU;ALC;2023-09-27T16:05:00;2023-09-27T18:35:00;HV;9003;82.0;https://www.transavia.com/nl-NL/bookingtool/flights/deeplink?ds=BRU&as=ALC&ap=1&cp=0&od=27&om=9&oy=2023&utm_source=API&utm_medium=Public
BRUALC20230928HV9003;BRU;ALC;2023-09-28T06:50:00;2023-09-28T09:15:00;HV;9003;101.0;https://www.transavia.com/nl-NL/bookingtool/flights/deeplink?ds=BRU&as=ALC&ap=1&cp=0&od=28&om=9&oy=2023&utm_source=API&utm_medium=Public
BRUALC20230930HV9003;BRU;ALC;2023-09-30T16:20:00;2023-09-30T18:50:00;HV;9003;112.0;https://www.transavia.com/nl-NL/bookingtool/flights/deeplink?ds=BRU&as=ALC&ap=1&cp=0&od=30&om=9&oy=2023&utm_source=API&utm_medium=Public
BRUALC20231001HV9003;BRU;ALC;2023-10-01T17:25:00;2023-10-01T19:55:00;HV;9003;82.0;https://www.transavia.com/nl-NL/bookingtool/flights/deeplink?ds=BRU&as=ALC&ap=1&cp=0&od=1&om=10&oy=2023&utm_source=API&utm_medium=Public
BRUIBZ20230508HV9009;BRU;IBZ;2023-05-08T06:30:00;2023-05-08T08:55:00;HV;9009;163.0;https://www.transavia.com/nl-NL/bookingtool/flights/deeplink?ds=BRU&as=IBZ&ap=1&cp=0&od=8&om=5&oy=2023&utm_source=API&utm_medium=Public
BRUIBZ20230510HV9009;BRU;IBZ;2023-05-10T06:30:00;2023-05-10T08:55:00;HV;9009;114.0;https://www.transavia.com/nl-NL/bookingtool/flights/deeplink?ds=BRU&as=IBZ&ap=1&cp=0&od=10&om=5&oy=2023&utm_source=API&utm_medium=Public
BRUIBZ20230512HV9009;BRU;IBZ;2023-05-12T17:20:00;2023-05-12T19:45:00;HV;9009;182.0;https://www.transavia.com/nl-NL/bookingtool/flights/deeplink?ds=BRU&as=IBZ&ap=1&cp=0&od=12&om=5&oy=2023&utm_source=API&utm_medium=Public
BRUIBZ20230513HV9009;BRU;IBZ;2023-05-13T12:30:00;2023-05-13T14:50:00;HV;9009;223.0;https://www.transavia.com/nl-NL/bookingtool/flights/deeplink?ds=BRU&as=IBZ&ap=1&cp=0&od=13&om=5&oy=2023&utm_source=API&utm_medium=Public
BRUIBZ20230515HV9009;BRU;IBZ;2023-05-15T06:30:00;2023-05-15T08:55:00;HV;9009;182.0;https://www.transavia.com/nl-NL/bookingtool/flights/deeplink?ds=BRU&as=IBZ&ap=1&cp=0&od=15&om=5&oy=2023&utm_source=API&utm_medium=Public
BRUIBZ20230517HV9009;BRU;IBZ;2023-05-17T06:30:00;2023-05-17T08:55:00;HV;9009;379.0;https://www.transavia.com/nl-NL/bookingtool/flights/deeplink?ds=BRU&as=IBZ&ap=1&cp=0&od=17&om=5&oy=2023&utm_source=API&utm_medium=Public
BRUIBZ20230519HV9009;BRU;IBZ;2023-05-19T17:20:00;2023-05-19T19:45:00;HV;9009;129.0;https://www.transavia.com/nl-NL/bookingtool/flights/deeplink?ds=BRU&as=IBZ&ap=1&cp=0&od=19&om=5&oy=2023&utm_source=API&utm_medium=Public
BRUIBZ20230520HV9009;BRU;IBZ;2023-05-20T12:30:00;2023-05-20T14:50:00;HV;9009;146.0;https://www.transavia.com/nl-NL/bookingtool/flights/deeplink?ds=BRU&as=IBZ&ap=1&cp=0&od=20&om=5&oy=2023&utm_source=API&utm_medium=Public
BRUIBZ20230522HV9009;BRU;IBZ;2023-05-22T06:30:00;2023-05-22T08:55:00;HV;9009;88.0;https://www.transavia.com/nl-NL/bookingtool/flights/deeplink?ds=BRU&as=IBZ&ap=1&cp=0&od=22&om=5&oy=2023&utm_source=API&utm_medium=Public
BRUIBZ20230524HV9009;BRU;IBZ;2023-05-24T06:30:00;2023-05-24T08:55:00;HV;9009;182.0;https://www.transavia.com/nl-NL/bookingtool/flights/deeplink?ds=BRU&as=IBZ&ap=1&cp=0&od=24&om=5&oy=2023&utm_source=API&utm_medium=Public
BRUIBZ20230526HV9009;BRU;IBZ;2023-05-26T17:20:00;2023-05-26T19:45:00;HV;9009;182.0;https://www.transavia.com/nl-NL/bookingtool/flights/deeplink?ds=BRU&as=IBZ&ap=1&cp=0&od=26&om=5&oy=2023&utm_source=API&utm_medium=Public
BRUIBZ20230527HV9009;BRU;IBZ;2023-05-27T12:30:00;2023-05-27T14:50:00;HV;9009;146.0;https://www.transavia.com/nl-NL/bookingtool/flights/deeplink?ds=BRU&as=IBZ&ap=1&cp=0&od=27&om=5&oy=2023&utm_source=API&utm_medium=Public
BRUIBZ20230529HV9009;BRU;IBZ;2023-05-29T06:30:00;2023-05-29T08:55:00;HV;9009;129.0;https://www.transavia.com/nl-NL/bookingtool/flights/deeplink?ds=BRU&as=IBZ&ap=1&cp=0&od=29&om=5&oy=2023&utm_source=API&utm_medium=Public
BRUIBZ20230531HV9009;BRU;IBZ;2023-05-31T06:30:00;2023-05-31T08:55:00;HV;9009;100.0;https://www.transavia.com/nl-NL/bookingtool/flights/deeplink?ds=BRU&as=IBZ&ap=1&cp=0&od=31&om=5&oy=2023&utm_source=API&utm_medium=Public
BRUIBZ20230602HV9009;BRU;IBZ;2023-06-02T17:20:00;2023-06-02T19:45:00;HV;9009;146.0;https://www.transavia.com/nl-NL/bookingtool/flights/deeplink?ds=BRU&as=IBZ&ap=1&cp=0&od=2&om=6&oy=2023&utm_source=API&utm_medium=Public
BRUIBZ20230603HV9009;BRU;IBZ;2023-06-03T12:30:00;2023-06-03T14:50:00;HV;9009;182.0;https://www.transavia.com/nl-NL/bookingtool/flights/deeplink?ds=BRU&as=IBZ&ap=1&cp=0&od=3&om=6&oy=2023&utm_source=API&utm_medium=Public
BRUIBZ20230605HV9009;BRU;IBZ;2023-06-05T06:30:00;2023-06-05T08:55:00;HV;9009;114.0;https://www.transavia.com/nl-NL/bookingtool/flights/deeplink?ds=BRU&as=IBZ&ap=1&cp=0&od=5&om=6&oy=2023&utm_source=API&utm_medium=Public
BRUIBZ20230607HV9009;BRU;IBZ;2023-06-07T06:30:00;2023-06-07T08:55:00;HV;9009;100.0;https://www.transavia.com/nl-NL/bookingtool/flights/deeplink?ds=BRU&as=IBZ&ap=1&cp=0&od=7&om=6&oy=2023&utm_source=API&utm_medium=Public
BRUIBZ20230609HV9009;BRU;IBZ;2023-06-09T17:20:00;2023-06-09T19:45:00;HV;9009;202.0;https://www.transavia.com/nl-NL/bookingtool/flights/deeplink?ds=BRU&as=IBZ&ap=1&cp=0&od=9&om=6&oy=2023&utm_source=API&utm_medium=Public
BRUIBZ20230610HV9009;BRU;IBZ;2023-06-10T12:30:00;2023-06-10T14:50:00;HV;9009;182.0;https://www.transavia.com/nl-NL/bookingtool/flights/deeplink?ds=BRU&as=IBZ&ap=1&cp=0&od=10&om=6&oy=2023&utm_source=API&utm_medium=Public
BRUIBZ20230612HV9009;BRU;IBZ;2023-06-12T06:30:00;2023-06-12T08:55:00;HV;9009;163.0;https://www.transavia.com/nl-NL/bookingtool/flights/deeplink?ds=BRU&as=IBZ&ap=1&cp=0&od=12&om=6&oy=2023&utm_source=API&utm_medium=Public
BRUIBZ20230614HV9009;BRU;IBZ;2023-06-14T06:30:00;2023-06-14T08:55:00;HV;9009;129.0;https://www.transavia.com/nl-NL/bookingtool/flights/deeplink?ds=BRU&as=IBZ&ap=1&cp=0&od=14&om=6&oy=2023&utm_source=API&utm_medium=Public
BRUIBZ20230616HV9009;BRU;IBZ;2023-06-16T17:20:00;2023-06-16T19:45:00;HV;9009;146.0;https://www.transavia.com/nl-NL/bookingtool/flights/deeplink?ds=BRU&as=IBZ&ap=1&cp=0&od=16&om=6&oy=2023&utm_source=API&utm_medium=Public
BRUIBZ20230617HV9009;BRU;IBZ;2023-06-17T12:30:00;2023-06-17T14:50:00;HV;9009;182.0;https://www.transavia.com/nl-NL/bookingtool/flights/deeplink?ds=BRU&as=IBZ&ap=1&cp=0&od=17&om=6&oy=2023&utm_source=API&utm_medium=Public
BRUIBZ20230619HV9009;BRU;IBZ;2023-06-19T06:30:00;2023-06-19T08:55:00;HV;9009;129.0;https://www.transavia.com/nl-NL/bookingtool/flights/deeplink?ds=BRU&as=IBZ&ap=1&cp=0&od=19&om=6&oy=2023&utm_source=API&utm_medium=Public
BRUIBZ20230621HV9009;BRU;IBZ;2023-06-21T06:30:00;2023-06-21T08:55:00;HV;9009;146.0;https://www.transavia.com/nl-NL/bookingtool/flights/deeplink?ds=BRU&as=IBZ&ap=1&cp=0&od=21&om=6&oy=2023&utm_source=API&utm_medium=Public
BRUIBZ20230623HV9009;BRU;IBZ;2023-06-23T17:20:00;2023-06-23T19:45:00;HV;9009;146.0;https://www.transavia.com/nl-NL/bookingtool/flights/deeplink?ds=BRU&as=IBZ&ap=1&cp=0&od=23&om=6&oy=2023&utm_source=API&utm_medium=Public
BRUIBZ20230624HV9009;BRU;IBZ;2023-06-24T12:30:00;2023-06-24T14:50:00;HV;9009;146.0;https://www.transavia.com/nl-NL/bookingtool/flights/deeplink?ds=BRU&as=IBZ&ap=1&cp=0&od=24&om=6&oy=2023&utm_source=API&utm_medium=Public
BRUIBZ20230626HV9009;BRU;IBZ;2023-06-26T06:30:00;2023-06-26T08:55:00;HV;9009;66.0;https://www.transavia.com/nl-NL/bookingtool/flights/deeplink?ds=BRU&as=IBZ&ap=1&cp=0&od=26&om=6&oy=2023&utm_source=API&utm_medium=Public
BRUIBZ20230628HV9009;BRU;IBZ;2023-06-28T06:30:00;2023-06-28T08:55:00;HV;9009;129.0;https://www.transavia.com/nl-NL/bookingtool/flights/deeplink?ds=BRU&as=IBZ&ap=1&cp=0&od=28&om=6&oy=2023&utm_source=API&utm_medium=Public
BRUIBZ20230630HV9023;BRU;IBZ;2023-06-30T16:50:00;2023-06-30T19:15:00;HV;9023;190.0;https://www.transavia.com/nl-NL/bookingtool/flights/deeplink?ds=BRU&as=IBZ&ap=1&cp=0&od=30&om=6&oy=2023&utm_source=API&utm_medium=Public
BRUIBZ20230702HV9009;BRU;IBZ;2023-07-02T15:30:00;2023-07-02T17:55:00;HV;9009;190.0;https://www.transavia.com/nl-NL/bookingtool/flights/deeplink?ds=BRU&as=IBZ&ap=1&cp=0&od=2&om=7&oy=2023&utm_source=API&utm_medium=Public
BRUIBZ20230703HV9009;BRU;IBZ;2023-07-03T15:35:00;2023-07-03T18:00:00;HV;9009;190.0;https://www.transavia.com/nl-NL/bookingtool/flights/deeplink?ds=BRU&as=IBZ&ap=1&cp=0&od=3&om=7&oy=2023&utm_source=API&utm_medium=Public
BRUIBZ20230705HV9009;BRU;IBZ;2023-07-05T06:30:00;2023-07-05T08:55:00;HV;9009;153.0;https://www.transavia.com/nl-NL/bookingtool/flights/deeplink?ds=BRU&as=IBZ&ap=1&cp=0&od=5&om=7&oy=2023&utm_source=API&utm_medium=Public
BRUIBZ20230707HV9023;BRU;IBZ;2023-07-07T16:50:00;2023-07-07T19:15:00;HV;9023;190.0;https://www.transavia.com/nl-NL/bookingtool/flights/deeplink?ds=BRU&as=IBZ&ap=1&cp=0&od=7&om=7&oy=2023&utm_source=API&utm_medium=Public
BRUIBZ20230709HV9009;BRU;IBZ;2023-07-09T15:30:00;2023-07-09T17:55:00;HV;9009;153.0;https://www.transavia.com/nl-NL/bookingtool/flights/deeplink?ds=BRU&as=IBZ&ap=1&cp=0&od=9&om=7&oy=2023&utm_source=API&utm_medium=Public
BRUIBZ20230710HV9009;BRU;IBZ;2023-07-10T15:35:00;2023-07-10T18:00:00;HV;9009;190.0;https://www.transavia.com/nl-NL/bookingtool/flights/deeplink?ds=BRU&as=IBZ&ap=1&cp=0&od=10&om=7&oy=2023&utm_source=API&utm_medium=Public
BRUIBZ20230712HV9009;BRU;IBZ;2023-07-12T06:30:00;2023-07-12T08:55:00;HV;9009;64.0;https://www.transavia.com/nl-NL/bookingtool/flights/deeplink?ds=BRU&as=IBZ&ap=1&cp=0&od=12&om=7&oy=2023&utm_source=API&utm_medium=Public
BRUIBZ20230714HV9023;BRU;IBZ;2023-07-14T16:50:00;2023-07-14T19:15:00;HV;9023;153.0;https://www.transavia.com/nl-NL/bookingtool/flights/deeplink?ds=BRU&as=IBZ&ap=1&cp=0&od=14&om=7&oy=2023&utm_source=API&utm_medium=Public
BRUIBZ20230716HV9009;BRU;IBZ;2023-07-16T15:30:00;2023-07-16T17:55:00;HV;9009;190.0;https://www.transavia.com/nl-NL/bookingtool/flights/deeplink?ds=BRU&as=IBZ&ap=1&cp=0&od=16&om=7&oy=2023&utm_source=API&utm_medium=Public
BRUIBZ20230717HV9009;BRU;IBZ;2023-07-17T15:35:00;2023-07-17T18:00:00;HV;9009;172.0;https://www.transavia.com/nl-NL/bookingtool/flights/deeplink?ds=BRU&as=IBZ&ap=1&cp=0&od=17&om=7&oy=2023&utm_source=API&utm_medium=Public
BRUIBZ20230719HV9009;BRU;IBZ;2023-07-19T06:30:00;2023-07-19T08:55:00;HV;9009;153.0;https://www.transavia.com/nl-NL/bookingtool/flights/deeplink?ds=BRU&as=IBZ&ap=1&cp=0&od=19&om=7&oy=2023&utm_source=API&utm_medium=Public
BRUIBZ20230721HV9023;BRU;IBZ;2023-07-21T16:50:00;2023-07-21T19:15:00;HV;9023;172.0;https://www.transavia.com/nl-NL/bookingtool/flights/deeplink?ds=BRU&as=IBZ&ap=1&cp=0&od=21&om=7&oy=2023&utm_source=API&utm_medium=Public
BRUIBZ20230723HV9009;BRU;IBZ;2023-07-23T15:30:00;2023-07-23T17:55:00;HV;9009;208.0;https://www.transavia.com/nl-NL/bookingtool/flights/deeplink?ds=BRU&as=IBZ&ap=1&cp=0&od=23&om=7&oy=2023&utm_source=API&utm_medium=Public
BRUIBZ20230724HV9009;BRU;IBZ;2023-07-24T15:35:00;2023-07-24T18:00:00;HV;9009;399.0;https://www.transavia.com/nl-NL/bookingtool/flights/deeplink?ds=BRU&as=IBZ&ap=1&cp=0&od=24&om=7&oy=2023&utm_source=API&utm_medium=Public
BRUIBZ20230726HV9009;BRU;IBZ;2023-07-26T06:30:00;2023-07-26T08:55:00;HV;9009;135.0;https://www.transavia.com/nl-NL/bookingtool/flights/deeplink?ds=BRU&as=IBZ&ap=1&cp=0&od=26&om=7&oy=2023&utm_source=API&utm_medium=Public
BRUIBZ20230728HV9023;BRU;IBZ;2023-07-28T16:50:00;2023-07-28T19:15:00;HV;9023;64.0;https://www.transavia.com/nl-NL/bookingtool/flights/deeplink?ds=BRU&as=IBZ&ap=1&cp=0&od=28&om=7&oy=2023&utm_source=API&utm_medium=Public
BRUIBZ20230730HV9009;BRU;IBZ;2023-07-30T15:30:00;2023-07-30T17:55:00;HV;9009;153.0;https://www.transavia.com/nl-NL/bookingtool/flights/deeplink?ds=BRU&as=IBZ&ap=1&cp=0&od=30&om=7&oy=2023&utm_source=API&utm_medium=Public
BRUIBZ20230731HV9009;BRU;IBZ;2023-07-31T15:35:00;2023-07-31T18:00:00;HV;9009;374.0;https://www.transavia.com/nl-NL/bookingtool/flights/deeplink?ds=BRU&as=IBZ&ap=1&cp=0&od=31&om=7&oy=2023&utm_source=API&utm_medium=Public
BRUIBZ20230802HV9009;BRU;IBZ;2023-08-02T06:30:00;2023-08-02T08:55:00;HV;9009;182.0;https://www.transavia.com/nl-NL/bookingtool/flights/deeplink?ds=BRU&as=IBZ&ap=1&cp=0&od=2&om=8&oy=2023&utm_source=API&utm_medium=Public
BRUIBZ20230804HV9023;BRU;IBZ;2023-08-04T16:50:00;2023-08-04T19:15:00;HV;9023;100.0;https://www.transavia.com/nl-NL/bookingtool/flights/deeplink?ds=BRU&as=IBZ&ap=1&cp=0&od=4&om=8&oy=2023&utm_source=API&utm_medium=Public
BRUIBZ20230806HV9009;BRU;IBZ;2023-08-06T15:30:00;2023-08-06T17:55:00;HV;9009;129.0;https://www.transavia.com/nl-NL/bookingtool/flights/deeplink?ds=BRU&as=IBZ&ap=1&cp=0&od=6&om=8&oy=2023&utm_source=API&utm_medium=Public
BRUIBZ20230807HV9009;BRU;IBZ;2023-08-07T15:35:00;2023-08-07T18:00:00;HV;9009;100.0;https://www.transavia.com/nl-NL/bookingtool/flights/deeplink?ds=BRU&as=IBZ&ap=1&cp=0&od=7&om=8&oy=2023&utm_source=API&utm_medium=Public
BRUIBZ20230809HV9009;BRU;IBZ;2023-08-09T06:30:00;2023-08-09T08:55:00;HV;9009;114.0;https://www.transavia.com/nl-NL/bookingtool/flights/deeplink?ds=BRU&as=IBZ&ap=1&cp=0&od=9&om=8&oy=2023&utm_source=API&utm_medium=Public
BRUIBZ20230811HV9023;BRU;IBZ;2023-08-11T16:50:00;2023-08-11T19:15:00;HV;9023;100.0;https://www.transavia.com/nl-NL/bookingtool/flights/deeplink?ds=BRU&as=IBZ&ap=1&cp=0&od=11&om=8&oy=2023&utm_source=API&utm_medium=Public
BRUIBZ20230813HV9009;BRU;IBZ;2023-08-13T15:30:00;2023-08-13T17:55:00;HV;9009;100.0;https://www.transavia.com/nl-NL/bookingtool/flights/deeplink?ds=BRU&as=IBZ&ap=1&cp=0&od=13&om=8&oy=2023&utm_source=API&utm_medium=Public
BRUIBZ20230814HV9009;BRU;IBZ;2023-08-14T15:35:00;2023-08-14T18:00:00;HV;9009;88.0;https://www.transavia.com/nl-NL/bookingtool/flights/deeplink?ds=BRU&as=IBZ&ap=1&cp=0&od=14&om=8&oy=2023&utm_source=API&utm_medium=Public
BRUIBZ20230816HV9009;BRU;IBZ;2023-08-16T06:30:00;2023-08-16T08:55:00;HV;9009;66.0;https://www.transavia.com/nl-NL/bookingtool/flights/deeplink?ds=BRU&as=IBZ&ap=1&cp=0&od=16&om=8&oy=2023&utm_source=API&utm_medium=Public
BRUIBZ20230818HV9023;BRU;IBZ;2023-08-18T16:50:00;2023-08-18T19:15:00;HV;9023;44.0;https://www.transavia.com/nl-NL/bookingtool/flights/deeplink?ds=BRU&as=IBZ&ap=1&cp=0&od=18&om=8&oy=2023&utm_source=API&utm_medium=Public
BRUIBZ20230820HV9009;BRU;IBZ;2023-08-20T15:30:00;2023-08-20T17:55:00;HV;9009;76.0;https://www.transavia.com/nl-NL/bookingtool/flights/deeplink?ds=BRU&as=IBZ&ap=1&cp=0&od=20&om=8&oy=2023&utm_source=API&utm_medium=Public
BRUIBZ20230821HV9009;BRU;IBZ;2023-08-21T15:35:00;2023-08-21T18:00:00;HV;9009;57.0;https://www.transavia.com/nl-NL/bookingtool/flights/deeplink?ds=BRU&as=IBZ&ap=1&cp=0&od=21&om=8&oy=2023&utm_source=API&utm_medium=Public
BRUIBZ20230823HV9009;BRU;IBZ;2023-08-23T06:30:00;2023-08-23T08:55:00;HV;9009;76.0;https://www.transavia.com/nl-NL/bookingtool/flights/deeplink?ds=BRU&as=IBZ&ap=1&cp=0&od=23&om=8&oy=2023&utm_source=API&utm_medium=Public
BRUIBZ20230825HV9023;BRU;IBZ;2023-08-25T16:50:00;2023-08-25T19:15:00;HV;9023;66.0;https://www.transavia.com/nl-NL/bookingtool/flights/deeplink?ds=BRU&as=IBZ&ap=1&cp=0&od=25&om=8&oy=2023&utm_source=API&utm_medium=Public
BRUIBZ20230827HV9009;BRU;IBZ;2023-08-27T15:30:00;2023-08-27T17:55:00;HV;9009;44.0;https://www.transavia.com/nl-NL/bookingtool/flights/deeplink?ds=BRU&as=IBZ&ap=1&cp=0&od=27&om=8&oy=2023&utm_source=API&utm_medium=Public
BRUIBZ20230828HV9009;BRU;IBZ;2023-08-28T06:30:00;2023-08-28T08:55:00;HV;9009;66.0;https://www.transavia.com/nl-NL/bookingtool/flights/deeplink?ds=BRU&as=IBZ&ap=1&cp=0&od=28&om=8&oy=2023&utm_source=API&utm_medium=Public
BRUIBZ20230830HV9009;BRU;IBZ;2023-08-30T06:30:00;2023-08-30T08:55:00;HV;9009;100.0;https://www.transavia.com/nl-NL/bookingtool/flights/deeplink?ds=BRU&as=IBZ&ap=1&cp=0&od=30&om=8&oy=2023&utm_source=API&utm_medium=Public
BRUIBZ20230901HV9009;BRU;IBZ;2023-09-01T16:50:00;2023-09-01T19:15:00;HV;9009;146.0;https://www.transavia.com/nl-NL/bookingtool/flights/deeplink?ds=BRU&as=IBZ&ap=1&cp=0&od=1&om=9&oy=2023&utm_source=API&utm_medium=Public
BRUIBZ20230902HV9013;BRU;IBZ;2023-09-02T17:40:00;2023-09-02T20:05:00;HV;9013;114.0;https://www.transavia.com/nl-NL/bookingtool/flights/deeplink?ds=BRU&as=IBZ&ap=1&cp=0&od=2&om=9&oy=2023&utm_source=API&utm_medium=Public
BRUIBZ20230904HV9009;BRU;IBZ;2023-09-04T06:30:00;2023-09-04T08:55:00;HV;9009;146.0;https://www.transavia.com/nl-NL/bookingtool/flights/deeplink?ds=BRU&as=IBZ&ap=1&cp=0&od=4&om=9&oy=2023&utm_source=API&utm_medium=Public
BRUIBZ20230906HV9009;BRU;IBZ;2023-09-06T06:30:00;2023-09-06T08:55:00;HV;9009;163.0;https://www.transavia.com/nl-NL/bookingtool/flights/deeplink?ds=BRU&as=IBZ&ap=1&cp=0&od=6&om=9&oy=2023&utm_source=API&utm_medium=Public
BRUIBZ20230908HV9009;BRU;IBZ;2023-09-08T16:50:00;2023-09-08T19:15:00;HV;9009;146.0;https://www.transavia.com/nl-NL/bookingtool/flights/deeplink?ds=BRU&as=IBZ&ap=1&cp=0&od=8&om=9&oy=2023&utm_source=API&utm_medium=Public
BRUIBZ20230909HV9013;BRU;IBZ;2023-09-09T17:40:00;2023-09-09T20:05:00;HV;9013;114.0;https://www.transavia.com/nl-NL/bookingtool/flights/deeplink?ds=BRU&as=IBZ&ap=1&cp=0&od=9&om=9&oy=2023&utm_source=API&utm_medium=Public
BRUIBZ20230911HV9009;BRU;IBZ;2023-09-11T06:30:00;2023-09-11T08:55:00;HV;9009;114.0;https://www.transavia.com/nl-NL/bookingtool/flights/deeplink?ds=BRU&as=IBZ&ap=1&cp=0&od=11&om=9&oy=2023&utm_source=API&utm_medium=Public
BRUIBZ20230913HV9009;BRU;IBZ;2023-09-13T06:30:00;2023-09-13T08:55:00;HV;9009;163.0;https://www.transavia.com/nl-NL/bookingtool/flights/deeplink?ds=BRU&as=IBZ&ap=1&cp=0&od=13&om=9&oy=2023&utm_source=API&utm_medium=Public
BRUIBZ20230915HV9009;BRU;IBZ;2023-09-15T16:50:00;2023-09-15T19:15:00;HV;9009;146.0;https://www.transavia.com/nl-NL/bookingtool/flights/deeplink?ds=BRU&as=IBZ&ap=1&cp=0&od=15&om=9&oy=2023&utm_source=API&utm_medium=Public
BRUIBZ20230916HV9013;BRU;IBZ;2023-09-16T17:40:00;2023-09-16T20:05:00;HV;9013;114.0;https://www.transavia.com/nl-NL/bookingtool/flights/deeplink?ds=BRU&as=IBZ&ap=1&cp=0&od=16&om=9&oy=2023&utm_source=API&utm_medium=Public
BRUIBZ20230918HV9009;BRU;IBZ;2023-09-18T06:30:00;2023-09-18T08:55:00;HV;9009;163.0;https://www.transavia.com/nl-NL/bookingtool/flights/deeplink?ds=BRU&as=IBZ&ap=1&cp=0&od=18&om=9&oy=2023&utm_source=API&utm_medium=Public
BRUIBZ20230920HV9009;BRU;IBZ;2023-09-20T06:30:00;2023-09-20T08:55:00;HV;9009;202.0;https://www.transavia.com/nl-NL/bookingtool/flights/deeplink?ds=BRU&as=IBZ&ap=1&cp=0&od=20&om=9&oy=2023&utm_source=API&utm_medium=Public
BRUIBZ20230922HV9009;BRU;IBZ;2023-09-22T16:50:00;2023-09-22T19:15:00;HV;9009;146.0;https://www.transavia.com/nl-NL/bookingtool/flights/deeplink?ds=BRU&as=IBZ&ap=1&cp=0&od=22&om=9&oy=2023&utm_source=API&utm_medium=Public
BRUIBZ20230923HV9013;BRU;IBZ;2023-09-23T17:40:00;2023-09-23T20:05:00;HV;9013;100.0;https://www.transavia.com/nl-NL/bookingtool/flights/deeplink?ds=BRU&as=IBZ&ap=1&cp=0&od=23&om=9&oy=2023&utm_source=API&utm_medium=Public
BRUIBZ20230925HV9009;BRU;IBZ;2023-09-25T06:30:00;2023-09-25T08:55:00;HV;9009;146.0;https://www.transavia.com/nl-NL/bookingtool/flights/deeplink?ds=BRU&as=IBZ&ap=1&cp=0&od=25&om=9&oy=2023&utm_source=API&utm_medium=Public
BRUIBZ20230927HV9009;BRU;IBZ;2023-09-27T06:30:00;2023-09-27T08:55:00;HV;9009;182.0;https://www.transavia.com/nl-NL/bookingtool/flights/deeplink?ds=BRU&as=IBZ&ap=1&cp=0&od=27&om=9&oy=2023&utm_source=API&utm_medium=Public
BRUIBZ20230929HV9009;BRU;IBZ;2023-09-29T16:50:00;2023-09-29T19:15:00;HV;9009;146.0;https://www.transavia.com/nl-NL/bookingtool/flights/deeplink?ds=BRU&as=IBZ&ap=1&cp=0&od=29&om=9&oy=2023&utm_source=API&utm_medium=Public
BRUIBZ20230930HV9013;BRU;IBZ;2023-09-30T17:40:00;2023-09-30T20:05:00;HV;9013;114.0;https://www.transavia.com/nl-NL/bookingtool/flights/deeplink?ds=BRU&as=IBZ&ap=1&cp=0&od=30&om=9&oy=2023&utm_source=API&utm_medium=Public
BRUAGP20230629HV9033;BRU;AGP;2023-06-29T16:45:00;2023-06-29T19:35:00;HV;9033;165.0;https://www.transavia.com/nl-NL/bookingtool/flights/deeplink?ds=BRU&as=AGP&ap=1&cp=0&od=29&om=6&oy=2023&utm_source=API&utm_medium=Public
BRUAGP20230630HV9033;BRU;AGP;2023-06-30T16:00:00;2023-06-30T18:50:00;HV;9033;184.0;https://www.transavia.com/nl-NL/bookingtool/flights/deeplink?ds=BRU&as=AGP&ap=1&cp=0&od=30&om=6&oy=2023&utm_source=API&utm_medium=Public
BRUAGP20230702HV9033;BRU;AGP;2023-07-02T17:05:00;2023-07-02T19:55:00;HV;9033;184.0;https://www.transavia.com/nl-NL/bookingtool/flights/deeplink?ds=BRU&as=AGP&ap=1&cp=0&od=2&om=7&oy=2023&utm_source=API&utm_medium=Public
BRUAGP20230703HV9033;BRU;AGP;2023-07-03T07:30:00;2023-07-03T10:20:00;HV;9033;184.0;https://www.transavia.com/nl-NL/bookingtool/flights/deeplink?ds=BRU&as=AGP&ap=1&cp=0&od=3&om=7&oy=2023&utm_source=API&utm_medium=Public
BRUAGP20230704HV9033;BRU;AGP;2023-07-04T15:55:00;2023-07-04T18:45:00;HV;9033;201.0;https://www.transavia.com/nl-NL/bookingtool/flights/deeplink?ds=BRU&as=AGP&ap=1&cp=0&od=4&om=7&oy=2023&utm_source=API&utm_medium=Public
BRUAGP20230705HV9031;BRU;AGP;2023-07-05T17:05:00;2023-07-05T19:55:00;HV;9031;184.0;https://www.transavia.com/nl-NL/bookingtool/flights/deeplink?ds=BRU&as=AGP&ap=1&cp=0&od=5&om=7&oy=2023&utm_source=API&utm_medium=Public
BRUAGP20230706HV9033;BRU;AGP;2023-07-06T16:45:00;2023-07-06T19:35:00;HV;9033;167.0;https://www.transavia.com/nl-NL/bookingtool/flights/deeplink?ds=BRU&as=AGP&ap=1&cp=0&od=6&om=7&oy=2023&utm_source=API&utm_medium=Public
BRUAGP20230707HV9033;BRU;AGP;2023-07-07T16:00:00;2023-07-07T18:50:00;HV;9033;238.0;https://www.transavia.com/nl-NL/bookingtool/flights/deeplink?ds=BRU&as=AGP&ap=1&cp=0&od=7&om=7&oy=2023&utm_source=API&utm_medium=Public
BRUAGP20230709HV9033;BRU;AGP;2023-07-09T17:05:00;2023-07-09T19:55:00;HV;9033;219.0;https://www.transavia.com/nl-NL/bookingtool/flights/deeplink?ds=BRU&as=AGP&ap=1&cp=0&od=9&om=7&oy=2023&utm_source=API&utm_medium=Public
BRUAGP20230710HV9033;BRU;AGP;2023-07-10T07:30:00;2023-07-10T10:20:00;HV;9033;238.0;https://www.transavia.com/nl-NL/bookingtool/flights/deeplink?ds=BRU&as=AGP&ap=1&cp=0&od=10&om=7&oy=2023&utm_source=API&utm_medium=Public
BRUAGP20230711HV9033;BRU;AGP;2023-07-11T15:55:00;2023-07-11T18:45:00;HV;9033;201.0;https://www.transavia.com/nl-NL/bookingtool/flights/deeplink?ds=BRU&as=AGP&ap=1&cp=0&od=11&om=7&oy=2023&utm_source=API&utm_medium=Public
BRUAGP20230712HV9031;BRU;AGP;2023-07-12T17:05:00;2023-07-12T19:55:00;HV;9031;219.0;https://www.transavia.com/nl-NL/bookingtool/flights/deeplink?ds=BRU&as=AGP&ap=1&cp=0&od=12&om=7&oy=2023&utm_source=API&utm_medium=Public
BRUAGP20230713HV9033;BRU;AGP;2023-07-13T16:45:00;2023-07-13T19:35:00;HV;9033;201.0;https://www.transavia.com/nl-NL/bookingtool/flights/deeplink?ds=BRU&as=AGP&ap=1&cp=0&od=13&om=7&oy=2023&utm_source=API&utm_medium=Public
BRUAGP20230714HV9033;BRU;AGP;2023-07-14T16:00:00;2023-07-14T18:50:00;HV;9033;219.0;https://www.transavia.com/nl-NL/bookingtool/flights/deeplink?ds=BRU&as=AGP&ap=1&cp=0&od=14&om=7&oy=2023&utm_source=API&utm_medium=Public
BRUAGP20230716HV9033;BRU;AGP;2023-07-16T17:05:00;2023-07-16T19:55:00;HV;9033;219.0;https://www.transavia.com/nl-NL/bookingtool/flights/deeplink?ds=BRU&as=AGP&ap=1&cp=0&od=16&om=7&oy=2023&utm_source=API&utm_medium=Public
BRUAGP20230717HV9033;BRU;AGP;2023-07-17T07:30:00;2023-07-17T10:20:00;HV;9033;258.0;https://www.transavia.com/nl-NL/bookingtool/flights/deeplink?ds=BRU&as=AGP&ap=1&cp=0&od=17&om=7&oy=2023&utm_source=API&utm_medium=Public
BRUAGP20230718HV9033;BRU;AGP;2023-07-18T15:55:00;2023-07-18T18:45:00;HV;9033;201.0;https://www.transavia.com/nl-NL/bookingtool/flights/deeplink?ds=BRU&as=AGP&ap=1&cp=0&od=18&om=7&oy=2023&utm_source=API&utm_medium=Public
BRUAGP20230719HV9031;BRU;AGP;2023-07-19T17:05:00;2023-07-19T19:55:00;HV;9031;201.0;https://www.transavia.com/nl-NL/bookingtool/flights/deeplink?ds=BRU&as=AGP&ap=1&cp=0&od=19&om=7&oy=2023&utm_source=API&utm_medium=Public
BRUAGP20230720HV9033;BRU;AGP;2023-07-20T16:45:00;2023-07-20T19:35:00;HV;9033;184.0;https://www.transavia.com/nl-NL/bookingtool/flights/deeplink?ds=BRU&as=AGP&ap=1&cp=0&od=20&om=7&oy=2023&utm_source=API&utm_medium=Public
BRUAGP20230721HV9033;BRU;AGP;2023-07-21T16:00:00;2023-07-21T18:50:00;HV;9033;201.0;https://www.transavia.com/nl-NL/bookingtool/flights/deeplink?ds=BRU&as=AGP&ap=1&cp=0&od=21&om=7&oy=2023&utm_source=API&utm_medium=Public
BRUAGP20230723HV9033;BRU;AGP;2023-07-23T17:05:00;2023-07-23T19:55:00;HV;9033;184.0;https://www.transavia.com/nl-NL/bookingtool/flights/deeplink?ds=BRU&as=AGP&ap=1&cp=0&od=23&om=7&oy=2023&utm_source=API&utm_medium=Public
BRUAGP20230724HV9033;BRU;AGP;2023-07-24T07:30:00;2023-07-24T10:20:00;HV;9033;219.0;https://www.transavia.com/nl-NL/bookingtool/flights/deeplink?ds=BRU&as=AGP&ap=1&cp=0&od=24&om=7&oy=2023&utm_source=API&utm_medium=Public
BRUAGP20230725HV9033;BRU;AGP;2023-07-25T15:55:00;2023-07-25T18:45:00;HV;9033;167.0;https://www.transavia.com/nl-NL/bookingtool/flights/deeplink?ds=BRU&as=AGP&ap=1&cp=0&od=25&om=7&oy=2023&utm_source=API&utm_medium=Public
BRUAGP20230726HV9031;BRU;AGP;2023-07-26T17:05:00;2023-07-26T19:55:00;HV;9031;152.0;https://www.transavia.com/nl-NL/bookingtool/flights/deeplink?ds=BRU&as=AGP&ap=1&cp=0&od=26&om=7&oy=2023&utm_source=API&utm_medium=Public
BRUAGP20230727HV9033;BRU;AGP;2023-07-27T16:45:00;2023-07-27T19:35:00;HV;9033;152.0;https://www.transavia.com/nl-NL/bookingtool/flights/deeplink?ds=BRU&as=AGP&ap=1&cp=0&od=27&om=7&oy=2023&utm_source=API&utm_medium=Public
BRUAGP20230728HV9033;BRU;AGP;2023-07-28T16:00:00;2023-07-28T18:50:00;HV;9033;152.0;https://www.transavia.com/nl-NL/bookingtool/flights/deeplink?ds=BRU&as=AGP&ap=1&cp=0&od=28&om=7&oy=2023&utm_source=API&utm_medium=Public
BRUAGP20230730HV9033;BRU;AGP;2023-07-30T17:05:00;2023-07-30T19:55:00;HV;9033;152.0;https://www.transavia.com/nl-NL/bookingtool/flights/deeplink?ds=BRU&as=AGP&ap=1&cp=0&od=30&om=7&oy=2023&utm_source=API&utm_medium=Public
BRUAGP20230731HV9033;BRU;AGP;2023-07-31T07:30:00;2023-07-31T10:20:00;HV;9033;184.0;https://www.transavia.com/nl-NL/bookingtool/flights/deeplink?ds=BRU&as=AGP&ap=1&cp=0&od=31&om=7&oy=2023&utm_source=API&utm_medium=Public
BRUAGP20230801HV9033;BRU;AGP;2023-08-01T15:55:00;2023-08-01T18:45:00;HV;9033;197.0;https://www.transavia.com/nl-NL/bookingtool/flights/deeplink?ds=BRU&as=AGP&ap=1&cp=0&od=1&om=8&oy=2023&utm_source=API&utm_medium=Public
BRUAGP20230802HV9031;BRU;AGP;2023-08-02T17:05:00;2023-08-02T19:55:00;HV;9031;122.0;https://www.transavia.com/nl-NL/bookingtool/flights/deeplink?ds=BRU&as=AGP&ap=1&cp=0&od=2&om=8&oy=2023&utm_source=API&utm_medium=Public
BRUAGP20230803HV9033;BRU;AGP;2023-08-03T16:45:00;2023-08-03T19:35:00;HV;9033;122.0;https://www.transavia.com/nl-NL/bookingtool/flights/deeplink?ds=BRU&as=AGP&ap=1&cp=0&od=3&om=8&oy=2023&utm_source=API&utm_medium=Public
BRUAGP20230804HV9033;BRU;AGP;2023-08-04T16:00:00;2023-08-04T18:50:00;HV;9033;135.0;https://www.transavia.com/nl-NL/bookingtool/flights/deeplink?ds=BRU&as=AGP&ap=1&cp=0&od=4&om=8&oy=2023&utm_source=API&utm_medium=Public
BRUAGP20230806HV9033;BRU;AGP;2023-08-06T17:05:00;2023-08-06T19:55:00;HV;9033;122.0;https://www.transavia.com/nl-NL/bookingtool/flights/deeplink?ds=BRU&as=AGP&ap=1&cp=0&od=6&om=8&oy=2023&utm_source=API&utm_medium=Public
BRUAGP20230807HV9033;BRU;AGP;2023-08-07T07:30:00;2023-08-07T10:20:00;HV;9033;135.0;https://www.transavia.com/nl-NL/bookingtool/flights/deeplink?ds=BRU&as=AGP&ap=1&cp=0&od=7&om=8&oy=2023&utm_source=API&utm_medium=Public
BRUAGP20230808HV9033;BRU;AGP;2023-08-08T15:55:00;2023-08-08T18:45:00;HV;9033;109.0;https://www.transavia.com/nl-NL/bookingtool/flights/deeplink?ds=BRU&as=AGP&ap=1&cp=0&od=8&om=8&oy=2023&utm_source=API&utm_medium=Public
BRUAGP20230809HV9031;BRU;AGP;2023-08-09T17:05:00;2023-08-09T19:55:00;HV;9031;97.0;https://www.transavia.com/nl-NL/bookingtool/flights/deeplink?ds=BRU&as=AGP&ap=1&cp=0&od=9&om=8&oy=2023&utm_source=API&utm_medium=Public
BRUAGP20230810HV9033;BRU;AGP;2023-08-10T16:45:00;2023-08-10T19:35:00;HV;9033;87.0;https://www.transavia.com/nl-NL/bookingtool/flights/deeplink?ds=BRU&as=AGP&ap=1&cp=0&od=10&om=8&oy=2023&utm_source=API&utm_medium=Public
BRUAGP20230811HV9033;BRU;AGP;2023-08-11T16:00:00;2023-08-11T18:50:00;HV;9033;122.0;https://www.transavia.com/nl-NL/bookingtool/flights/deeplink?ds=BRU&as=AGP&ap=1&cp=0&od=11&om=8&oy=2023&utm_source=API&utm_medium=Public
BRUAGP20230813HV9033;BRU;AGP;2023-08-13T17:05:00;2023-08-13T19:55:00;HV;9033;109.0;https://www.transavia.com/nl-NL/bookingtool/flights/deeplink?ds=BRU&as=AGP&ap=1&cp=0&od=13&om=8&oy=2023&utm_source=API&utm_medium=Public
BRUAGP20230814HV9033;BRU;AGP;2023-08-14T07:30:00;2023-08-14T10:20:00;HV;9033;122.0;https://www.transavia.com/nl-NL/bookingtool/flights/deeplink?ds=BRU&as=AGP&ap=1&cp=0&od=14&om=8&oy=2023&utm_source=API&utm_medium=Public
BRUAGP20230815HV9033;BRU;AGP;2023-08-15T15:55:00;2023-08-15T18:45:00;HV;9033;87.0;https://www.transavia.com/nl-NL/bookingtool/flights/deeplink?ds=BRU&as=AGP&ap=1&cp=0&od=15&om=8&oy=2023&utm_source=API&utm_medium=Public
BRUAGP20230816HV9031;BRU;AGP;2023-08-16T17:05:00;2023-08-16T19:55:00;HV;9031;68.0;https://www.transavia.com/nl-NL/bookingtool/flights/deeplink?ds=BRU&as=AGP&ap=1&cp=0&od=16&om=8&oy=2023&utm_source=API&utm_medium=Public
BRUAGP20230817HV9033;BRU;AGP;2023-08-17T16:45:00;2023-08-17T19:35:00;HV;9033;61.0;https://www.transavia.com/nl-NL/bookingtool/flights/deeplink?ds=BRU&as=AGP&ap=1&cp=0&od=17&om=8&oy=2023&utm_source=API&utm_medium=Public
BRUAGP20230818HV9033;BRU;AGP;2023-08-18T16:00:00;2023-08-18T18:50:00;HV;9033;78.0;https://www.transavia.com/nl-NL/bookingtool/flights/deeplink?ds=BRU&as=AGP&ap=1&cp=0&od=18&om=8&oy=2023&utm_source=API&utm_medium=Public
BRUAGP20230820HV9033;BRU;AGP;2023-08-20T17:05:00;2023-08-20T19:55:00;HV;9033;78.0;https://www.transavia.com/nl-NL/bookingtool/flights/deeplink?ds=BRU&as=AGP&ap=1&cp=0&od=20&om=8&oy=2023&utm_source=API&utm_medium=Public
BRUAGP20230821HV9033;BRU;AGP;2023-08-21T07:30:00;2023-08-21T10:20:00;HV;9033;87.0;https://www.transavia.com/nl-NL/bookingtool/flights/deeplink?ds=BRU&as=AGP&ap=1&cp=0&od=21&om=8&oy=2023&utm_source=API&utm_medium=Public
BRUAGP20230822HV9033;BRU;AGP;2023-08-22T15:55:00;2023-08-22T18:45:00;HV;9033;61.0;https://www.transavia.com/nl-NL/bookingtool/flights/deeplink?ds=BRU&as=AGP&ap=1&cp=0&od=22&om=8&oy=2023&utm_source=API&utm_medium=Public
BRUAGP20230823HV9031;BRU;AGP;2023-08-23T17:05:00;2023-08-23T19:55:00;HV;9031;44.0;https://www.transavia.com/nl-NL/bookingtool/flights/deeplink?ds=BRU&as=AGP&ap=1&cp=0&od=23&om=8&oy=2023&utm_source=API&utm_medium=Public
BRUAGP20230824HV9033;BRU;AGP;2023-08-24T16:45:00;2023-08-24T19:35:00;HV;9033;68.0;https://www.transavia.com/nl-NL/bookingtool/flights/deeplink?ds=BRU&as=AGP&ap=1&cp=0&od=24&om=8&oy=2023&utm_source=API&utm_medium=Public
BRUAGP20230825HV9033;BRU;AGP;2023-08-25T16:00:00;2023-08-25T18:50:00;HV;9033;68.0;https://www.transavia.com/nl-NL/bookingtool/flights/deeplink?ds=BRU&as=AGP&ap=1&cp=0&od=25&om=8&oy=2023&utm_source=API&utm_medium=Public
BRUAGP20230827HV9033;BRU;AGP;2023-08-27T17:05:00;2023-08-27T19:55:00;HV;9033;49.0;https://www.transavia.com/nl-NL/bookingtool/flights/deeplink?ds=BRU&as=AGP&ap=1&cp=0&od=27&om=8&oy=2023&utm_source=API&utm_medium=Public
BRUAGP20230829HV9033;BRU;AGP;2023-08-29T15:25:00;2023-08-29T18:15:00;HV;9033;49.0;https://www.transavia.com/nl-NL/bookingtool/flights/deeplink?ds=BRU&as=AGP&ap=1&cp=0&od=29&om=8&oy=2023&utm_source=API&utm_medium=Public
BRUAGP20230830HV9031;BRU;AGP;2023-08-30T17:05:00;2023-08-30T19:55:00;HV;9031;49.0;https://www.transavia.com/nl-NL/bookingtool/flights/deeplink?ds=BRU&as=AGP&ap=1&cp=0&od=30&om=8&oy=2023&utm_source=API&utm_medium=Public
BRUAGP20230831HV9033;BRU;AGP;2023-08-31T07:30:00;2023-08-31T10:20:00;HV;9033;78.0;https://www.transavia.com/nl-NL/bookingtool/flights/deeplink?ds=BRU&as=AGP&ap=1&cp=0&od=31&om=8&oy=2023&utm_source=API&utm_medium=Public
BRUAGP20230901HV9033;BRU;AGP;2023-09-01T16:15:00;2023-09-01T19:05:00;HV;9033;109.0;https://www.transavia.com/nl-NL/bookingtool/flights/deeplink?ds=BRU&as=AGP&ap=1&cp=0&od=1&om=9&oy=2023&utm_source=API&utm_medium=Public
BRUAGP20230903HV9033;BRU;AGP;2023-09-03T15:20:00;2023-09-03T18:10:00;HV;9033;109.0;https://www.transavia.com/nl-NL/bookingtool/flights/deeplink?ds=BRU&as=AGP&ap=1&cp=0&od=3&om=9&oy=2023&utm_source=API&utm_medium=Public
BRUAGP20230905HV9033;BRU;AGP;2023-09-05T15:25:00;2023-09-05T18:15:00;HV;9033;97.0;https://www.transavia.com/nl-NL/bookingtool/flights/deeplink?ds=BRU&as=AGP&ap=1&cp=0&od=5&om=9&oy=2023&utm_source=API&utm_medium=Public
BRUAGP20230906HV9031;BRU;AGP;2023-09-06T17:05:00;2023-09-06T19:55:00;HV;9031;122.0;https://www.transavia.com/nl-NL/bookingtool/flights/deeplink?ds=BRU&as=AGP&ap=1&cp=0&od=6&om=9&oy=2023&utm_source=API&utm_medium=Public
BRUAGP20230907HV9033;BRU;AGP;2023-09-07T07:30:00;2023-09-07T10:20:00;HV;9033;109.0;https://www.transavia.com/nl-NL/bookingtool/flights/deeplink?ds=BRU&as=AGP&ap=1&cp=0&od=7&om=9&oy=2023&utm_source=API&utm_medium=Public
BRUAGP20230908HV9033;BRU;AGP;2023-09-08T16:15:00;2023-09-08T19:05:00;HV;9033;109.0;https://www.transavia.com/nl-NL/bookingtool/flights/deeplink?ds=BRU&as=AGP&ap=1&cp=0&od=8&om=9&oy=2023&utm_source=API&utm_medium=Public
BRUAGP20230910HV9033;BRU;AGP;2023-09-10T15:20:00;2023-09-10T18:10:00;HV;9033;97.0;https://www.transavia.com/nl-NL/bookingtool/flights/deeplink?ds=BRU&as=AGP&ap=1&cp=0&od=10&om=9&oy=2023&utm_source=API&utm_medium=Public
BRUAGP20230912HV9033;BRU;AGP;2023-09-12T15:25:00;2023-09-12T18:15:00;HV;9033;109.0;https://www.transavia.com/nl-NL/bookingtool/flights/deeplink?ds=BRU&as=AGP&ap=1&cp=0&od=12&om=9&oy=2023&utm_source=API&utm_medium=Public
BRUAGP20230913HV9031;BRU;AGP;2023-09-13T17:05:00;2023-09-13T19:55:00;HV;9031;87.0;https://www.transavia.com/nl-NL/bookingtool/flights/deeplink?ds=BRU&as=AGP&ap=1&cp=0&od=13&om=9&oy=2023&utm_source=API&utm_medium=Public
BRUAGP20230914HV9033;BRU;AGP;2023-09-14T07:30:00;2023-09-14T10:20:00;HV;9033;135.0;https://www.transavia.com/nl-NL/bookingtool/flights/deeplink?ds=BRU&as=AGP&ap=1&cp=0&od=14&om=9&oy=2023&utm_source=API&utm_medium=Public
BRUAGP20230915HV9033;BRU;AGP;2023-09-15T16:15:00;2023-09-15T19:05:00;HV;9033;135.0;https://www.transavia.com/nl-NL/bookingtool/flights/deeplink?ds=BRU&as=AGP&ap=1&cp=0&od=15&om=9&oy=2023&utm_source=API&utm_medium=Public
BRUAGP20230917HV9033;BRU;AGP;2023-09-17T15:20:00;2023-09-17T18:10:00;HV;9033;87.0;https://www.transavia.com/nl-NL/bookingtool/flights/deeplink?ds=BRU&as=AGP&ap=1&cp=0&od=17&om=9&oy=2023&utm_source=API&utm_medium=Public
BRUAGP20230919HV9033;BRU;AGP;2023-09-19T15:25:00;2023-09-19T18:15:00;HV;9033;87.0;https://www.transavia.com/nl-NL/bookingtool/flights/deeplink?ds=BRU&as=AGP&ap=1&cp=0&od=19&om=9&oy=2023&utm_source=API&utm_medium=Public
BRUAGP20230920HV9031;BRU;AGP;2023-09-20T17:05:00;2023-09-20T19:55:00;HV;9031;87.0;https://www.transavia.com/nl-NL/bookingtool/flights/deeplink?ds=BRU&as=AGP&ap=1&cp=0&od=20&om=9&oy=2023&utm_source=API&utm_medium=Public
BRUAGP20230921HV9033;BRU;AGP;2023-09-21T07:30:00;2023-09-21T10:20:00;HV;9033;149.0;https://www.transavia.com/nl-NL/bookingtool/flights/deeplink?ds=BRU&as=AGP&ap=1&cp=0&od=21&om=9&oy=2023&utm_source=API&utm_medium=Public
BRUAGP20230922HV9033;BRU;AGP;2023-09-22T16:15:00;2023-09-22T19:05:00;HV;9033;109.0;https://www.transavia.com/nl-NL/bookingtool/flights/deeplink?ds=BRU&as=AGP&ap=1&cp=0&od=22&om=9&oy=2023&utm_source=API&utm_medium=Public
BRUAGP20230924HV9033;BRU;AGP;2023-09-24T15:20:00;2023-09-24T18:10:00;HV;9033;87.0;https://www.transavia.com/nl-NL/bookingtool/flights/deeplink?ds=BRU&as=AGP&ap=1&cp=0&od=24&om=9&oy=2023&utm_source=API&utm_medium=Public
BRUAGP20230926HV9033;BRU;AGP;2023-09-26T15:25:00;2023-09-26T18:15:00;HV;9033;68.0;https://www.transavia.com/nl-NL/bookingtool/flights/deeplink?ds=BRU&as=AGP&ap=1&cp=0&od=26&om=9&oy=2023&utm_source=API&utm_medium=Public
BRUAGP20230927HV9031;BRU;AGP;2023-09-27T17:05:00;2023-09-27T19:55:00;HV;9031;68.0;https://www.transavia.com/nl-NL/bookingtool/flights/deeplink?ds=BRU&as=AGP&ap=1&cp=0&od=27&om=9&oy=2023&utm_source=API&utm_medium=Public
BRUAGP20230928HV9033;BRU;AGP;2023-09-28T07:30:00;2023-09-28T10:20:00;HV;9033;109.0;https://www.transavia.com/nl-NL/bookingtool/flights/deeplink?ds=BRU&as=AGP&ap=1&cp=0&od=28&om=9&oy=2023&utm_source=API&utm_medium=Public
BRUAGP20230929HV9033;BRU;AGP;2023-09-29T16:15:00;2023-09-29T19:05:00;HV;9033;109.0;https://www.transavia.com/nl-NL/bookingtool/flights/deeplink?ds=BRU&as=AGP&ap=1&cp=0&od=29&om=9&oy=2023&utm_source=API&utm_medium=Public
BRUAGP20231001HV9033;BRU;AGP;2023-10-01T15:20:00;2023-10-01T18:10:00;HV;9033;122.0;https://www.transavia.com/nl-NL/bookingtool/flights/deeplink?ds=BRU&as=AGP&ap=1&cp=0&od=1&om=10&oy=2023&utm_source=API&utm_medium=Public
BRUFAO20230508HV9007;BRU;FAO;2023-05-08T15:40:00;2023-05-08T17:35:00;HV;9007;233.0;https://www.transavia.com/nl-NL/bookingtool/flights/deeplink?ds=BRU&as=FAO&ap=1&cp=0&od=8&om=5&oy=2023&utm_source=API&utm_medium=Public
BRUFAO20230511HV9007;BRU;FAO;2023-05-11T16:45:00;2023-05-11T18:40:00;HV;9007;122.0;https://www.transavia.com/nl-NL/bookingtool/flights/deeplink?ds=BRU&as=FAO&ap=1&cp=0&od=11&om=5&oy=2023&utm_source=API&utm_medium=Public
BRUFAO20230512HV9007;BRU;FAO;2023-05-12T07:15:00;2023-05-12T09:10:00;HV;9007;122.0;https://www.transavia.com/nl-NL/bookingtool/flights/deeplink?ds=BRU&as=FAO&ap=1&cp=0&od=12&om=5&oy=2023&utm_source=API&utm_medium=Public
BRUFAO20230514HV9007;BRU;FAO;2023-05-14T07:10:00;2023-05-14T09:05:00;HV;9007;149.0;https://www.transavia.com/nl-NL/bookingtool/flights/deeplink?ds=BRU&as=FAO&ap=1&cp=0&od=14&om=5&oy=2023&utm_source=API&utm_medium=Public
BRUFAO20230515HV9007;BRU;FAO;2023-05-15T15:40:00;2023-05-15T17:35:00;HV;9007;180.0;https://www.transavia.com/nl-NL/bookingtool/flights/deeplink?ds=BRU&as=FAO&ap=1&cp=0&od=15&om=5&oy=2023&utm_source=API&utm_medium=Public
BRUFAO20230518HV9007;BRU;FAO;2023-05-18T16:45:00;2023-05-18T18:40:00;HV;9007;180.0;https://www.transavia.com/nl-NL/bookingtool/flights/deeplink?ds=BRU&as=FAO&ap=1&cp=0&od=18&om=5&oy=2023&utm_source=API&utm_medium=Public
BRUFAO20230519HV9007;BRU;FAO;2023-05-19T07:15:00;2023-05-19T09:10:00;HV;9007;109.0;https://www.transavia.com/nl-NL/bookingtool/flights/deeplink?ds=BRU&as=FAO&ap=1&cp=0&od=19&om=5&oy=2023&utm_source=API&utm_medium=Public
BRUFAO20230521HV9007;BRU;FAO;2023-05-21T07:10:00;2023-05-21T09:05:00;HV;9007;109.0;https://www.transavia.com/nl-NL/bookingtool/flights/deeplink?ds=BRU&as=FAO&ap=1&cp=0&od=21&om=5&oy=2023&utm_source=API&utm_medium=Public
BRUFAO20230522HV9007;BRU;FAO;2023-05-22T15:40:00;2023-05-22T17:35:00;HV;9007;180.0;https://www.transavia.com/nl-NL/bookingtool/flights/deeplink?ds=BRU&as=FAO&ap=1&cp=0&od=22&om=5&oy=2023&utm_source=API&utm_medium=Public
BRUFAO20230525HV9007;BRU;FAO;2023-05-25T16:45:00;2023-05-25T18:40:00;HV;9007;135.0;https://www.transavia.com/nl-NL/bookingtool/flights/deeplink?ds=BRU&as=FAO&ap=1&cp=0&od=25&om=5&oy=2023&utm_source=API&utm_medium=Public
BRUFAO20230526HV9007;BRU;FAO;2023-05-26T07:15:00;2023-05-26T09:10:00;HV;9007;149.0;https://www.transavia.com/nl-NL/bookingtool/flights/deeplink?ds=BRU&as=FAO&ap=1&cp=0&od=26&om=5&oy=2023&utm_source=API&utm_medium=Public
BRUFAO20230528HV9007;BRU;FAO;2023-05-28T07:10:00;2023-05-28T09:05:00;HV;9007;122.0;https://www.transavia.com/nl-NL/bookingtool/flights/deeplink?ds=BRU&as=FAO&ap=1&cp=0&od=28&om=5&oy=2023&utm_source=API&utm_medium=Public
BRUFAO20230529HV9007;BRU;FAO;2023-05-29T15:40:00;2023-05-29T17:35:00;HV;9007;122.0;https://www.transavia.com/nl-NL/bookingtool/flights/deeplink?ds=BRU&as=FAO&ap=1&cp=0&od=29&om=5&oy=2023&utm_source=API&utm_medium=Public
BRUFAO20230601HV9007;BRU;FAO;2023-06-01T16:45:00;2023-06-01T18:40:00;HV;9007;109.0;https://www.transavia.com/nl-NL/bookingtool/flights/deeplink?ds=BRU&as=FAO&ap=1&cp=0&od=1&om=6&oy=2023&utm_source=API&utm_medium=Public
BRUFAO20230602HV9007;BRU;FAO;2023-06-02T07:15:00;2023-06-02T09:10:00;HV;9007;109.0;https://www.transavia.com/nl-NL/bookingtool/flights/deeplink?ds=BRU&as=FAO&ap=1&cp=0&od=2&om=6&oy=2023&utm_source=API&utm_medium=Public
BRUFAO20230604HV9007;BRU;FAO;2023-06-04T07:10:00;2023-06-04T09:05:00;HV;9007;87.0;https://www.transavia.com/nl-NL/bookingtool/flights/deeplink?ds=BRU&as=FAO&ap=1&cp=0&od=4&om=6&oy=2023&utm_source=API&utm_medium=Public
BRUFAO20230605HV9007;BRU;FAO;2023-06-05T15:40:00;2023-06-05T17:35:00;HV;9007;97.0;https://www.transavia.com/nl-NL/bookingtool/flights/deeplink?ds=BRU&as=FAO&ap=1&cp=0&od=5&om=6&oy=2023&utm_source=API&utm_medium=Public
BRUFAO20230608HV9007;BRU;FAO;2023-06-08T16:45:00;2023-06-08T18:40:00;HV;9007;109.0;https://www.transavia.com/nl-NL/bookingtool/flights/deeplink?ds=BRU&as=FAO&ap=1&cp=0&od=8&om=6&oy=2023&utm_source=API&utm_medium=Public
BRUFAO20230609HV9007;BRU;FAO;2023-06-09T07:15:00;2023-06-09T09:10:00;HV;9007;87.0;https://www.transavia.com/nl-NL/bookingtool/flights/deeplink?ds=BRU&as=FAO&ap=1&cp=0&od=9&om=6&oy=2023&utm_source=API&utm_medium=Public
BRUFAO20230611HV9007;BRU;FAO;2023-06-11T07:10:00;2023-06-11T09:05:00;HV;9007;87.0;https://www.transavia.com/nl-NL/bookingtool/flights/deeplink?ds=BRU&as=FAO&ap=1&cp=0&od=11&om=6&oy=2023&utm_source=API&utm_medium=Public
BRUFAO20230612HV9007;BRU;FAO;2023-06-12T15:40:00;2023-06-12T17:35:00;HV;9007;97.0;https://www.transavia.com/nl-NL/bookingtool/flights/deeplink?ds=BRU&as=FAO&ap=1&cp=0&od=12&om=6&oy=2023&utm_source=API&utm_medium=Public
BRUFAO20230615HV9007;BRU;FAO;2023-06-15T16:45:00;2023-06-15T18:40:00;HV;9007;78.0;https://www.transavia.com/nl-NL/bookingtool/flights/deeplink?ds=BRU&as=FAO&ap=1&cp=0&od=15&om=6&oy=2023&utm_source=API&utm_medium=Public
BRUFAO20230616HV9007;BRU;FAO;2023-06-16T07:15:00;2023-06-16T09:10:00;HV;9007;78.0;https://www.transavia.com/nl-NL/bookingtool/flights/deeplink?ds=BRU&as=FAO&ap=1&cp=0&od=16&om=6&oy=2023&utm_source=API&utm_medium=Public
BRUFAO20230618HV9007;BRU;FAO;2023-06-18T07:10:00;2023-06-18T09:05:00;HV;9007;97.0;https://www.transavia.com/nl-NL/bookingtool/flights/deeplink?ds=BRU&as=FAO&ap=1&cp=0&od=18&om=6&oy=2023&utm_source=API&utm_medium=Public
BRUFAO20230619HV9007;BRU;FAO;2023-06-19T15:40:00;2023-06-19T17:35:00;HV;9007;97.0;https://www.transavia.com/nl-NL/bookingtool/flights/deeplink?ds=BRU&as=FAO&ap=1&cp=0&od=19&om=6&oy=2023&utm_source=API&utm_medium=Public
BRUFAO20230622HV9007;BRU;FAO;2023-06-22T16:45:00;2023-06-22T18:40:00;HV;9007;109.0;https://www.transavia.com/nl-NL/bookingtool/flights/deeplink?ds=BRU&as=FAO&ap=1&cp=0&od=22&om=6&oy=2023&utm_source=API&utm_medium=Public
BRUFAO20230623HV9007;BRU;FAO;2023-06-23T07:15:00;2023-06-23T09:10:00;HV;9007;109.0;https://www.transavia.com/nl-NL/bookingtool/flights/deeplink?ds=BRU&as=FAO&ap=1&cp=0&od=23&om=6&oy=2023&utm_source=API&utm_medium=Public
BRUFAO20230625HV9007;BRU;FAO;2023-06-25T07:10:00;2023-06-25T09:05:00;HV;9007;215.0;https://www.transavia.com/nl-NL/bookingtool/flights/deeplink?ds=BRU&as=FAO&ap=1&cp=0&od=25&om=6&oy=2023&utm_source=API&utm_medium=Public
BRUFAO20230626HV9007;BRU;FAO;2023-06-26T15:40:00;2023-06-26T17:35:00;HV;9007;255.0;https://www.transavia.com/nl-NL/bookingtool/flights/deeplink?ds=BRU&as=FAO&ap=1&cp=0&od=26&om=6&oy=2023&utm_source=API&utm_medium=Public
BRUFAO20230629HV9007;BRU;FAO;2023-06-29T07:40:00;2023-06-29T09:35:00;HV;9007;180.0;https://www.transavia.com/nl-NL/bookingtool/flights/deeplink?ds=BRU&as=FAO&ap=1&cp=0&od=29&om=6&oy=2023&utm_source=API&utm_medium=Public
BRUFAO20230630HV9007;BRU;FAO;2023-06-30T07:10:00;2023-06-30T09:05:00;HV;9007;148.0;https://www.transavia.com/nl-NL/bookingtool/flights/deeplink?ds=BRU&as=FAO&ap=1&cp=0&od=30&om=6&oy=2023&utm_source=API&utm_medium=Public
BRUFAO20230701HV9011;BRU;FAO;2023-07-01T17:05:00;2023-07-01T19:00:00;HV;9011;219.0;https://www.transavia.com/nl-NL/bookingtool/flights/deeplink?ds=BRU&as=FAO&ap=1&cp=0&od=1&om=7&oy=2023&utm_source=API&utm_medium=Public
BRUFAO20230702HV9007;BRU;FAO;2023-07-02T07:30:00;2023-07-02T09:25:00;HV;9007;219.0;https://www.transavia.com/nl-NL/bookingtool/flights/deeplink?ds=BRU&as=FAO&ap=1&cp=0&od=2&om=7&oy=2023&utm_source=API&utm_medium=Public
BRUFAO20230703HV9021;BRU;FAO;2023-07-03T07:15:00;2023-07-03T09:10:00;HV;9021;219.0;https://www.transavia.com/nl-NL/bookingtool/flights/deeplink?ds=BRU&as=FAO&ap=1&cp=0&od=3&om=7&oy=2023&utm_source=API&utm_medium=Public
BRUFAO20230704HV9007;BRU;FAO;2023-07-04T07:20:00;2023-07-04T09:15:00;HV;9007;176.0;https://www.transavia.com/nl-NL/bookingtool/flights/deeplink?ds=BRU&as=FAO&ap=1&cp=0&od=4&om=7&oy=2023&utm_source=API&utm_medium=Public
BRUFAO20230706HV9007;BRU;FAO;2023-07-06T07:40:00;2023-07-06T09:35:00;HV;9007;176.0;https://www.transavia.com/nl-NL/bookingtool/flights/deeplink?ds=BRU&as=FAO&ap=1&cp=0&od=6&om=7&oy=2023&utm_source=API&utm_medium=Public
BRUFAO20230707HV9007;BRU;FAO;2023-07-07T07:10:00;2023-07-07T09:05:00;HV;9007;189.0;https://www.transavia.com/nl-NL/bookingtool/flights/deeplink?ds=BRU&as=FAO&ap=1&cp=0&od=7&om=7&oy=2023&utm_source=API&utm_medium=Public
BRUFAO20230708HV9011;BRU;FAO;2023-07-08T17:05:00;2023-07-08T19:00:00;HV;9011;249.0;https://www.transavia.com/nl-NL/bookingtool/flights/deeplink?ds=BRU&as=FAO&ap=1&cp=0&od=8&om=7&oy=2023&utm_source=API&utm_medium=Public
BRUFAO20230709HV9007;BRU;FAO;2023-07-09T07:30:00;2023-07-09T09:25:00;HV;9007;234.0;https://www.transavia.com/nl-NL/bookingtool/flights/deeplink?ds=BRU&as=FAO&ap=1&cp=0&od=9&om=7&oy=2023&utm_source=API&utm_medium=Public
BRUFAO20230711HV9007;BRU;FAO;2023-07-11T07:20:00;2023-07-11T09:15:00;HV;9007;189.0;https://www.transavia.com/nl-NL/bookingtool/flights/deeplink?ds=BRU&as=FAO&ap=1&cp=0&od=11&om=7&oy=2023&utm_source=API&utm_medium=Public
BRUFAO20230713HV9007;BRU;FAO;2023-07-13T07:40:00;2023-07-13T09:35:00;HV;9007;189.0;https://www.transavia.com/nl-NL/bookingtool/flights/deeplink?ds=BRU&as=FAO&ap=1&cp=0&od=13&om=7&oy=2023&utm_source=API&utm_medium=Public
BRUFAO20230714HV9007;BRU;FAO;2023-07-14T07:10:00;2023-07-14T09:05:00;HV;9007;219.0;https://www.transavia.com/nl-NL/bookingtool/flights/deeplink?ds=BRU&as=FAO&ap=1&cp=0&od=14&om=7&oy=2023&utm_source=API&utm_medium=Public
BRUFAO20230715HV9011;BRU;FAO;2023-07-15T17:05:00;2023-07-15T19:00:00;HV;9011;281.0;https://www.transavia.com/nl-NL/bookingtool/flights/deeplink?ds=BRU&as=FAO&ap=1&cp=0&od=15&om=7&oy=2023&utm_source=API&utm_medium=Public
BRUFAO20230716HV9007;BRU;FAO;2023-07-16T07:30:00;2023-07-16T09:25:00;HV;9007;234.0;https://www.transavia.com/nl-NL/bookingtool/flights/deeplink?ds=BRU&as=FAO&ap=1&cp=0&od=16&om=7&oy=2023&utm_source=API&utm_medium=Public
BRUFAO20230717HV9021;BRU;FAO;2023-07-17T07:15:00;2023-07-17T09:10:00;HV;9021;249.0;https://www.transavia.com/nl-NL/bookingtool/flights/deeplink?ds=BRU&as=FAO&ap=1&cp=0&od=17&om=7&oy=2023&utm_source=API&utm_medium=Public
BRUFAO20230718HV9007;BRU;FAO;2023-07-18T07:20:00;2023-07-18T09:15:00;HV;9007;204.0;https://www.transavia.com/nl-NL/bookingtool/flights/deeplink?ds=BRU&as=FAO&ap=1&cp=0&od=18&om=7&oy=2023&utm_source=API&utm_medium=Public
BRUFAO20230720HV9007;BRU;FAO;2023-07-20T07:40:00;2023-07-20T09:35:00;HV;9007;234.0;https://www.transavia.com/nl-NL/bookingtool/flights/deeplink?ds=BRU&as=FAO&ap=1&cp=0&od=20&om=7&oy=2023&utm_source=API&utm_medium=Public
BRUFAO20230721HV9007;BRU;FAO;2023-07-21T07:10:00;2023-07-21T09:05:00;HV;9007;234.0;https://www.transavia.com/nl-NL/bookingtool/flights/deeplink?ds=BRU&as=FAO&ap=1&cp=0&od=21&om=7&oy=2023&utm_source=API&utm_medium=Public
BRUFAO20230722HV9011;BRU;FAO;2023-07-22T17:05:00;2023-07-22T19:00:00;HV;9011;234.0;https://www.transavia.com/nl-NL/bookingtool/flights/deeplink?ds=BRU&as=FAO&ap=1&cp=0&od=22&om=7&oy=2023&utm_source=API&utm_medium=Public
BRUFAO20230723HV9007;BRU;FAO;2023-07-23T07:30:00;2023-07-23T09:25:00;HV;9007;234.0;https://www.transavia.com/nl-NL/bookingtool/flights/deeplink?ds=BRU&as=FAO&ap=1&cp=0&od=23&om=7&oy=2023&utm_source=API&utm_medium=Public
BRUFAO20230724HV9021;BRU;FAO;2023-07-24T07:15:00;2023-07-24T09:10:00;HV;9021;281.0;https://www.transavia.com/nl-NL/bookingtool/flights/deeplink?ds=BRU&as=FAO&ap=1&cp=0&od=24&om=7&oy=2023&utm_source=API&utm_medium=Public
BRUFAO20230725HV9007;BRU;FAO;2023-07-25T07:20:00;2023-07-25T09:15:00;HV;9007;176.0;https://www.transavia.com/nl-NL/bookingtool/flights/deeplink?ds=BRU&as=FAO&ap=1&cp=0&od=25&om=7&oy=2023&utm_source=API&utm_medium=Public
BRUFAO20230727HV9007;BRU;FAO;2023-07-27T07:40:00;2023-07-27T09:35:00;HV;9007;204.0;https://www.transavia.com/nl-NL/bookingtool/flights/deeplink?ds=BRU&as=FAO&ap=1&cp=0&od=27&om=7&oy=2023&utm_source=API&utm_medium=Public
BRUFAO20230728HV9007;BRU;FAO;2023-07-28T07:10:00;2023-07-28T09:05:00;HV;9007;189.0;https://www.transavia.com/nl-NL/bookingtool/flights/deeplink?ds=BRU&as=FAO&ap=1&cp=0&od=28&om=7&oy=2023&utm_source=API&utm_medium=Public
BRUFAO20230729HV9011;BRU;FAO;2023-07-29T17:05:00;2023-07-29T19:00:00;HV;9011;219.0;https://www.transavia.com/nl-NL/bookingtool/flights/deeplink?ds=BRU&as=FAO&ap=1&cp=0&od=29&om=7&oy=2023&utm_source=API&utm_medium=Public
BRUFAO20230730HV9007;BRU;FAO;2023-07-30T07:30:00;2023-07-30T09:25:00;HV;9007;219.0;https://www.transavia.com/nl-NL/bookingtool/flights/deeplink?ds=BRU&as=FAO&ap=1&cp=0&od=30&om=7&oy=2023&utm_source=API&utm_medium=Public
BRUFAO20230731HV9021;BRU;FAO;2023-07-31T07:15:00;2023-07-31T09:10:00;HV;9021;204.0;https://www.transavia.com/nl-NL/bookingtool/flights/deeplink?ds=BRU&as=FAO&ap=1&cp=0&od=31&om=7&oy=2023&utm_source=API&utm_medium=Public
BRUFAO20230801HV9007;BRU;FAO;2023-08-01T07:20:00;2023-08-01T09:15:00;HV;9007;233.0;https://www.transavia.com/nl-NL/bookingtool/flights/deeplink?ds=BRU&as=FAO&ap=1&cp=0&od=1&om=8&oy=2023&utm_source=API&utm_medium=Public
BRUFAO20230803HV9007;BRU;FAO;2023-08-03T07:40:00;2023-08-03T09:35:00;HV;9007;165.0;https://www.transavia.com/nl-NL/bookingtool/flights/deeplink?ds=BRU&as=FAO&ap=1&cp=0&od=3&om=8&oy=2023&utm_source=API&utm_medium=Public
BRUFAO20230804HV9007;BRU;FAO;2023-08-04T07:10:00;2023-08-04T09:05:00;HV;9007;180.0;https://www.transavia.com/nl-NL/bookingtool/flights/deeplink?ds=BRU&as=FAO&ap=1&cp=0&od=4&om=8&oy=2023&utm_source=API&utm_medium=Public
BRUFAO20230805HV9011;BRU;FAO;2023-08-05T17:05:00;2023-08-05T19:00:00;HV;9011;149.0;https://www.transavia.com/nl-NL/bookingtool/flights/deeplink?ds=BRU&as=FAO&ap=1&cp=0&od=5&om=8&oy=2023&utm_source=API&utm_medium=Public
BRUFAO20230806HV9007;BRU;FAO;2023-08-06T07:30:00;2023-08-06T09:25:00;HV;9007;180.0;https://www.transavia.com/nl-NL/bookingtool/flights/deeplink?ds=BRU&as=FAO&ap=1&cp=0&od=6&om=8&oy=2023&utm_source=API&utm_medium=Public
BRUFAO20230807HV9021;BRU;FAO;2023-08-07T07:15:00;2023-08-07T09:10:00;HV;9021;135.0;https://www.transavia.com/nl-NL/bookingtool/flights/deeplink?ds=BRU&as=FAO&ap=1&cp=0&od=7&om=8&oy=2023&utm_source=API&utm_medium=Public
BRUFAO20230808HV9007;BRU;FAO;2023-08-08T07:20:00;2023-08-08T09:15:00;HV;9007;165.0;https://www.transavia.com/nl-NL/bookingtool/flights/deeplink?ds=BRU&as=FAO&ap=1&cp=0&od=8&om=8&oy=2023&utm_source=API&utm_medium=Public
BRUFAO20230810HV9007;BRU;FAO;2023-08-10T07:40:00;2023-08-10T09:35:00;HV;9007;149.0;https://www.transavia.com/nl-NL/bookingtool/flights/deeplink?ds=BRU&as=FAO&ap=1&cp=0&od=10&om=8&oy=2023&utm_source=API&utm_medium=Public
BRUFAO20230811HV9007;BRU;FAO;2023-08-11T07:10:00;2023-08-11T09:05:00;HV;9007;135.0;https://www.transavia.com/nl-NL/bookingtool/flights/deeplink?ds=BRU&as=FAO&ap=1&cp=0&od=11&om=8&oy=2023&utm_source=API&utm_medium=Public
BRUFAO20230812HV9011;BRU;FAO;2023-08-12T17:05:00;2023-08-12T19:00:00;HV;9011;122.0;https://www.transavia.com/nl-NL/bookingtool/flights/deeplink?ds=BRU&as=FAO&ap=1&cp=0&od=12&om=8&oy=2023&utm_source=API&utm_medium=Public
BRUFAO20230813HV9007;BRU;FAO;2023-08-13T07:30:00;2023-08-13T09:25:00;HV;9007;122.0;https://www.transavia.com/nl-NL/bookingtool/flights/deeplink?ds=BRU&as=FAO&ap=1&cp=0&od=13&om=8&oy=2023&utm_source=API&utm_medium=Public
BRUFAO20230814HV9021;BRU;FAO;2023-08-14T07:15:00;2023-08-14T09:10:00;HV;9021;122.0;https://www.transavia.com/nl-NL/bookingtool/flights/deeplink?ds=BRU&as=FAO&ap=1&cp=0&od=14&om=8&oy=2023&utm_source=API&utm_medium=Public
BRUFAO20230815HV9007;BRU;FAO;2023-08-15T07:20:00;2023-08-15T09:15:00;HV;9007;78.0;https://www.transavia.com/nl-NL/bookingtool/flights/deeplink?ds=BRU&as=FAO&ap=1&cp=0&od=15&om=8&oy=2023&utm_source=API&utm_medium=Public
BRUFAO20230817HV9007;BRU;FAO;2023-08-17T07:40:00;2023-08-17T09:35:00;HV;9007;87.0;https://www.transavia.com/nl-NL/bookingtool/flights/deeplink?ds=BRU&as=FAO&ap=1&cp=0&od=17&om=8&oy=2023&utm_source=API&utm_medium=Public
BRUFAO20230818HV9007;BRU;FAO;2023-08-18T07:10:00;2023-08-18T09:05:00;HV;9007;78.0;https://www.transavia.com/nl-NL/bookingtool/flights/deeplink?ds=BRU&as=FAO&ap=1&cp=0&od=18&om=8&oy=2023&utm_source=API&utm_medium=Public
BRUFAO20230819HV9011;BRU;FAO;2023-08-19T17:05:00;2023-08-19T19:00:00;HV;9011;68.0;https://www.transavia.com/nl-NL/bookingtool/flights/deeplink?ds=BRU&as=FAO&ap=1&cp=0&od=19&om=8&oy=2023&utm_source=API&utm_medium=Public
BRUFAO20230820HV9007;BRU;FAO;2023-08-20T07:30:00;2023-08-20T09:25:00;HV;9007;68.0;https://www.transavia.com/nl-NL/bookingtool/flights/deeplink?ds=BRU&as=FAO&ap=1&cp=0&od=20&om=8&oy=2023&utm_source=API&utm_medium=Public
BRUFAO20230821HV9021;BRU;FAO;2023-08-21T07:15:00;2023-08-21T09:10:00;HV;9021;87.0;https://www.transavia.com/nl-NL/bookingtool/flights/deeplink?ds=BRU&as=FAO&ap=1&cp=0&od=21&om=8&oy=2023&utm_source=API&utm_medium=Public
BRUFAO20230822HV9007;BRU;FAO;2023-08-22T07:20:00;2023-08-22T09:15:00;HV;9007;49.0;https://www.transavia.com/nl-NL/bookingtool/flights/deeplink?ds=BRU&as=FAO&ap=1&cp=0&od=22&om=8&oy=2023&utm_source=API&utm_medium=Public
BRUFAO20230824HV9007;BRU;FAO;2023-08-24T07:40:00;2023-08-24T09:35:00;HV;9007;61.0;https://www.transavia.com/nl-NL/bookingtool/flights/deeplink?ds=BRU&as=FAO&ap=1&cp=0&od=24&om=8&oy=2023&utm_source=API&utm_medium=Public
BRUFAO20230825HV9007;BRU;FAO;2023-08-25T07:10:00;2023-08-25T09:05:00;HV;9007;49.0;https://www.transavia.com/nl-NL/bookingtool/flights/deeplink?ds=BRU&as=FAO&ap=1&cp=0&od=25&om=8&oy=2023&utm_source=API&utm_medium=Public
BRUFAO20230826HV9011;BRU;FAO;2023-08-26T17:05:00;2023-08-26T19:00:00;HV;9011;44.0;https://www.transavia.com/nl-NL/bookingtool/flights/deeplink?ds=BRU&as=FAO&ap=1&cp=0&od=26&om=8&oy=2023&utm_source=API&utm_medium=Public
BRUFAO20230827HV9007;BRU;FAO;2023-08-27T07:30:00;2023-08-27T09:25:00;HV;9007;54.0;https://www.transavia.com/nl-NL/bookingtool/flights/deeplink?ds=BRU&as=FAO&ap=1&cp=0&od=27&om=8&oy=2023&utm_source=API&utm_medium=Public
BRUFAO20230828HV9007;BRU;FAO;2023-08-28T15:40:00;2023-08-28T17:35:00;HV;9007;54.0;https://www.transavia.com/nl-NL/bookingtool/flights/deeplink?ds=BRU&as=FAO&ap=1&cp=0&od=28&om=8&oy=2023&utm_source=API&utm_medium=Public
BRUFAO20230829HV9007;BRU;FAO;2023-08-29T07:30:00;2023-08-29T09:25:00;HV;9007;49.0;https://www.transavia.com/nl-NL/bookingtool/flights/deeplink?ds=BRU&as=FAO&ap=1&cp=0&od=29&om=8&oy=2023&utm_source=API&utm_medium=Public
BRUFAO20230831HV9007;BRU;FAO;2023-08-31T16:45:00;2023-08-31T18:40:00;HV;9007;97.0;https://www.transavia.com/nl-NL/bookingtool/flights/deeplink?ds=BRU&as=FAO&ap=1&cp=0&od=31&om=8&oy=2023&utm_source=API&utm_medium=Public
BRUFAO20230901HV9007;BRU;FAO;2023-09-01T07:15:00;2023-09-01T09:10:00;HV;9007;135.0;https://www.transavia.com/nl-NL/bookingtool/flights/deeplink?ds=BRU&as=FAO&ap=1&cp=0&od=1&om=9&oy=2023&utm_source=API&utm_medium=Public
BRUFAO20230903HV9007;BRU;FAO;2023-09-03T07:25:00;2023-09-03T09:20:00;HV;9007;109.0;https://www.transavia.com/nl-NL/bookingtool/flights/deeplink?ds=BRU&as=FAO&ap=1&cp=0&od=3&om=9&oy=2023&utm_source=API&utm_medium=Public
BRUFAO20230904HV9007;BRU;FAO;2023-09-04T15:40:00;2023-09-04T17:35:00;HV;9007;122.0;https://www.transavia.com/nl-NL/bookingtool/flights/deeplink?ds=BRU&as=FAO&ap=1&cp=0&od=4&om=9&oy=2023&utm_source=API&utm_medium=Public
BRUFAO20230905HV9007;BRU;FAO;2023-09-05T07:30:00;2023-09-05T09:25:00;HV;9007;78.0;https://www.transavia.com/nl-NL/bookingtool/flights/deeplink?ds=BRU&as=FAO&ap=1&cp=0&od=5&om=9&oy=2023&utm_source=API&utm_medium=Public
BRUFAO20230907HV9007;BRU;FAO;2023-09-07T16:45:00;2023-09-07T18:40:00;HV;9007;122.0;https://www.transavia.com/nl-NL/bookingtool/flights/deeplink?ds=BRU&as=FAO&ap=1&cp=0&od=7&om=9&oy=2023&utm_source=API&utm_medium=Public
BRUFAO20230908HV9007;BRU;FAO;2023-09-08T07:15:00;2023-09-08T09:10:00;HV;9007;97.0;https://www.transavia.com/nl-NL/bookingtool/flights/deeplink?ds=BRU&as=FAO&ap=1&cp=0&od=8&om=9&oy=2023&utm_source=API&utm_medium=Public
BRUFAO20230910HV9007;BRU;FAO;2023-09-10T07:25:00;2023-09-10T09:20:00;HV;9007;122.0;https://www.transavia.com/nl-NL/bookingtool/flights/deeplink?ds=BRU&as=FAO&ap=1&cp=0&od=10&om=9&oy=2023&utm_source=API&utm_medium=Public
BRUFAO20230911HV9007;BRU;FAO;2023-09-11T15:40:00;2023-09-11T17:35:00;HV;9007;135.0;https://www.transavia.com/nl-NL/bookingtool/flights/deeplink?ds=BRU&as=FAO&ap=1&cp=0&od=11&om=9&oy=2023&utm_source=API&utm_medium=Public
BRUFAO20230912HV9007;BRU;FAO;2023-09-12T07:30:00;2023-09-12T09:25:00;HV;9007;122.0;https://www.transavia.com/nl-NL/bookingtool/flights/deeplink?ds=BRU&as=FAO&ap=1&cp=0&od=12&om=9&oy=2023&utm_source=API&utm_medium=Public
BRUFAO20230914HV9007;BRU;FAO;2023-09-14T16:45:00;2023-09-14T18:40:00;HV;9007;109.0;https://www.transavia.com/nl-NL/bookingtool/flights/deeplink?ds=BRU&as=FAO&ap=1&cp=0&od=14&om=9&oy=2023&utm_source=API&utm_medium=Public
BRUFAO20230915HV9007;BRU;FAO;2023-09-15T07:15:00;2023-09-15T09:10:00;HV;9007;87.0;https://www.transavia.com/nl-NL/bookingtool/flights/deeplink?ds=BRU&as=FAO&ap=1&cp=0&od=15&om=9&oy=2023&utm_source=API&utm_medium=Public
BRUFAO20230917HV9007;BRU;FAO;2023-09-17T07:25:00;2023-09-17T09:20:00;HV;9007;122.0;https://www.transavia.com/nl-NL/bookingtool/flights/deeplink?ds=BRU&as=FAO&ap=1&cp=0&od=17&om=9&oy=2023&utm_source=API&utm_medium=Public
BRUFAO20230918HV9007;BRU;FAO;2023-09-18T15:40:00;2023-09-18T17:35:00;HV;9007;78.0;https://www.transavia.com/nl-NL/bookingtool/flights/deeplink?ds=BRU&as=FAO&ap=1&cp=0&od=18&om=9&oy=2023&utm_source=API&utm_medium=Public
BRUFAO20230919HV9007;BRU;FAO;2023-09-19T07:30:00;2023-09-19T09:25:00;HV;9007;68.0;https://www.transavia.com/nl-NL/bookingtool/flights/deeplink?ds=BRU&as=FAO&ap=1&cp=0&od=19&om=9&oy=2023&utm_source=API&utm_medium=Public
BRUFAO20230921HV9007;BRU;FAO;2023-09-21T16:45:00;2023-09-21T18:40:00;HV;9007;61.0;https://www.transavia.com/nl-NL/bookingtool/flights/deeplink?ds=BRU&as=FAO&ap=1&cp=0&od=21&om=9&oy=2023&utm_source=API&utm_medium=Public
BRUFAO20230922HV9007;BRU;FAO;2023-09-22T07:15:00;2023-09-22T09:10:00;HV;9007;97.0;https://www.transavia.com/nl-NL/bookingtool/flights/deeplink?ds=BRU&as=FAO&ap=1&cp=0&od=22&om=9&oy=2023&utm_source=API&utm_medium=Public
BRUFAO20230924HV9007;BRU;FAO;2023-09-24T07:25:00;2023-09-24T09:20:00;HV;9007;87.0;https://www.transavia.com/nl-NL/bookingtool/flights/deeplink?ds=BRU&as=FAO&ap=1&cp=0&od=24&om=9&oy=2023&utm_source=API&utm_medium=Public
BRUFAO20230925HV9007;BRU;FAO;2023-09-25T15:40:00;2023-09-25T17:35:00;HV;9007;68.0;https://www.transavia.com/nl-NL/bookingtool/flights/deeplink?ds=BRU&as=FAO&ap=1&cp=0&od=25&om=9&oy=2023&utm_source=API&utm_medium=Public
BRUFAO20230926HV9007;BRU;FAO;2023-09-26T07:30:00;2023-09-26T09:25:00;HV;9007;54.0;https://www.transavia.com/nl-NL/bookingtool/flights/deeplink?ds=BRU&as=FAO&ap=1&cp=0&od=26&om=9&oy=2023&utm_source=API&utm_medium=Public
BRUFAO20230928HV9007;BRU;FAO;2023-09-28T16:45:00;2023-09-28T18:40:00;HV;9007;61.0;https://www.transavia.com/nl-NL/bookingtool/flights/deeplink?ds=BRU&as=FAO&ap=1&cp=0&od=28&om=9&oy=2023&utm_source=API&utm_medium=Public
BRUFAO20230929HV9007;BRU;FAO;2023-09-29T07:15:00;2023-09-29T09:10:00;HV;9007;54.0;https://www.transavia.com/nl-NL/bookingtool/flights/deeplink?ds=BRU&as=FAO&ap=1&cp=0&od=29&om=9&oy=2023&utm_source=API&utm_medium=Public
BRUFAO20231001HV9007;BRU;FAO;2023-10-01T07:25:00;2023-10-01T09:20:00;HV;9007;180.0;https://www.transavia.com/nl-NL/bookingtool/flights/deeplink?ds=BRU&as=FAO&ap=1&cp=0&od=1&om=10&oy=2023&utm_source=API&utm_medium=Public
BRUHER20230509HV9211;BRU;HER;2023-05-09T07:10:00;2023-05-09T11:35:00;HV;9211;225.0;https://www.transavia.com/nl-NL/bookingtool/flights/deeplink?ds=BRU&as=HER&ap=1&cp=0&od=9&om=5&oy=2023&utm_source=API&utm_medium=Public
BRUHER20230513HV9209;BRU;HER;2023-05-13T06:35:00;2023-05-13T11:00:00;HV;9209;225.0;https://www.transavia.com/nl-NL/bookingtool/flights/deeplink?ds=BRU&as=HER&ap=1&cp=0&od=13&om=5&oy=2023&utm_source=API&utm_medium=Public
BRUHER20230516HV9211;BRU;HER;2023-05-16T07:10:00;2023-05-16T11:35:00;HV;9211;207.0;https://www.transavia.com/nl-NL/bookingtool/flights/deeplink?ds=BRU&as=HER&ap=1&cp=0&od=16&om=5&oy=2023&utm_source=API&utm_medium=Public
BRUHER20230520HV9209;BRU;HER;2023-05-20T06:35:00;2023-05-20T11:00:00;HV;9209;117.0;https://www.transavia.com/nl-NL/bookingtool/flights/deeplink?ds=BRU&as=HER&ap=1&cp=0&od=20&om=5&oy=2023&utm_source=API&utm_medium=Public
BRUHER20230523HV9211;BRU;HER;2023-05-23T07:10:00;2023-05-23T11:35:00;HV;9211;131.0;https://www.transavia.com/nl-NL/bookingtool/flights/deeplink?ds=BRU&as=HER&ap=1&cp=0&od=23&om=5&oy=2023&utm_source=API&utm_medium=Public
BRUHER20230527HV9209;BRU;HER;2023-05-27T06:35:00;2023-05-27T11:00:00;HV;9209;175.0;https://www.transavia.com/nl-NL/bookingtool/flights/deeplink?ds=BRU&as=HER&ap=1&cp=0&od=27&om=5&oy=2023&utm_source=API&utm_medium=Public
BRUHER20230530HV9211;BRU;HER;2023-05-30T07:10:00;2023-05-30T11:35:00;HV;9211;207.0;https://www.transavia.com/nl-NL/bookingtool/flights/deeplink?ds=BRU&as=HER&ap=1&cp=0&od=30&om=5&oy=2023&utm_source=API&utm_medium=Public
BRUHER20230603HV9209;BRU;HER;2023-06-03T06:35:00;2023-06-03T11:00:00;HV;9209;146.0;https://www.transavia.com/nl-NL/bookingtool/flights/deeplink?ds=BRU&as=HER&ap=1&cp=0&od=3&om=6&oy=2023&utm_source=API&utm_medium=Public
BRUHER20230606HV9211;BRU;HER;2023-06-06T07:10:00;2023-06-06T11:35:00;HV;9211;146.0;https://www.transavia.com/nl-NL/bookingtool/flights/deeplink?ds=BRU&as=HER&ap=1&cp=0&od=6&om=6&oy=2023&utm_source=API&utm_medium=Public
BRUHER20230610HV9209;BRU;HER;2023-06-10T06:35:00;2023-06-10T11:00:00;HV;9209;146.0;https://www.transavia.com/nl-NL/bookingtool/flights/deeplink?ds=BRU&as=HER&ap=1&cp=0&od=10&om=6&oy=2023&utm_source=API&utm_medium=Public
BRUHER20230613HV9211;BRU;HER;2023-06-13T07:10:00;2023-06-13T11:35:00;HV;9211;117.0;https://www.transavia.com/nl-NL/bookingtool/flights/deeplink?ds=BRU&as=HER&ap=1&cp=0&od=13&om=6&oy=2023&utm_source=API&utm_medium=Public
BRUHER20230617HV9209;BRU;HER;2023-06-17T06:35:00;2023-06-17T11:00:00;HV;9209;146.0;https://www.transavia.com/nl-NL/bookingtool/flights/deeplink?ds=BRU&as=HER&ap=1&cp=0&od=17&om=6&oy=2023&utm_source=API&utm_medium=Public
BRUHER20230620HV9211;BRU;HER;2023-06-20T07:10:00;2023-06-20T11:35:00;HV;9211;117.0;https://www.transavia.com/nl-NL/bookingtool/flights/deeplink?ds=BRU&as=HER&ap=1&cp=0&od=20&om=6&oy=2023&utm_source=API&utm_medium=Public
BRUHER20230624HV9209;BRU;HER;2023-06-24T06:35:00;2023-06-24T11:00:00;HV;9209;175.0;https://www.transavia.com/nl-NL/bookingtool/flights/deeplink?ds=BRU&as=HER&ap=1&cp=0&od=24&om=6&oy=2023&utm_source=API&utm_medium=Public
BRUHER20230627HV9211;BRU;HER;2023-06-27T07:10:00;2023-06-27T11:35:00;HV;9211;131.0;https://www.transavia.com/nl-NL/bookingtool/flights/deeplink?ds=BRU&as=HER&ap=1&cp=0&od=27&om=6&oy=2023&utm_source=API&utm_medium=Public
BRUHER20230629HV9211;BRU;HER;2023-06-29T15:55:00;2023-06-29T20:20:00;HV;9211;117.0;https://www.transavia.com/nl-NL/bookingtool/flights/deeplink?ds=BRU&as=HER&ap=1&cp=0&od=29&om=6&oy=2023&utm_source=API&utm_medium=Public
BRUHER20230701HV9209;BRU;HER;2023-07-01T06:35:00;2023-07-01T11:00:00;HV;9209;328.0;https://www.transavia.com/nl-NL/bookingtool/flights/deeplink?ds=BRU&as=HER&ap=1&cp=0&od=1&om=7&oy=2023&utm_source=API&utm_medium=Public
BRUHER20230704HV9211;BRU;HER;2023-07-04T07:15:00;2023-07-04T11:40:00;HV;9211;241.0;https://www.transavia.com/nl-NL/bookingtool/flights/deeplink?ds=BRU&as=HER&ap=1&cp=0&od=4&om=7&oy=2023&utm_source=API&utm_medium=Public
BRUHER20230706HV9211;BRU;HER;2023-07-06T15:55:00;2023-07-06T20:20:00;HV;9211;241.0;https://www.transavia.com/nl-NL/bookingtool/flights/deeplink?ds=BRU&as=HER&ap=1&cp=0&od=6&om=7&oy=2023&utm_source=API&utm_medium=Public
BRUHER20230708HV9209;BRU;HER;2023-07-08T06:35:00;2023-07-08T11:00:00;HV;9209;310.0;https://www.transavia.com/nl-NL/bookingtool/flights/deeplink?ds=BRU&as=HER&ap=1&cp=0&od=8&om=7&oy=2023&utm_source=API&utm_medium=Public
BRUHER20230711HV9211;BRU;HER;2023-07-11T07:15:00;2023-07-11T11:40:00;HV;9211;241.0;https://www.transavia.com/nl-NL/bookingtool/flights/deeplink?ds=BRU&as=HER&ap=1&cp=0&od=11&om=7&oy=2023&utm_source=API&utm_medium=Public
BRUHER20230713HV9211;BRU;HER;2023-07-13T15:55:00;2023-07-13T20:20:00;HV;9211;222.0;https://www.transavia.com/nl-NL/bookingtool/flights/deeplink?ds=BRU&as=HER&ap=1&cp=0&od=13&om=7&oy=2023&utm_source=API&utm_medium=Public
BRUHER20230715HV9209;BRU;HER;2023-07-15T06:35:00;2023-07-15T11:00:00;HV;9209;328.0;https://www.transavia.com/nl-NL/bookingtool/flights/deeplink?ds=BRU&as=HER&ap=1&cp=0&od=15&om=7&oy=2023&utm_source=API&utm_medium=Public
BRUHER20230718HV9211;BRU;HER;2023-07-18T07:15:00;2023-07-18T11:40:00;HV;9211;258.0;https://www.transavia.com/nl-NL/bookingtool/flights/deeplink?ds=BRU&as=HER&ap=1&cp=0&od=18&om=7&oy=2023&utm_source=API&utm_medium=Public
BRUHER20230720HV9211;BRU;HER;2023-07-20T15:55:00;2023-07-20T20:20:00;HV;9211;241.0;https://www.transavia.com/nl-NL/bookingtool/flights/deeplink?ds=BRU&as=HER&ap=1&cp=0&od=20&om=7&oy=2023&utm_source=API&utm_medium=Public
BRUHER20230722HV9209;BRU;HER;2023-07-22T06:35:00;2023-07-22T11:00:00;HV;9209;310.0;https://www.transavia.com/nl-NL/bookingtool/flights/deeplink?ds=BRU&as=HER&ap=1&cp=0&od=22&om=7&oy=2023&utm_source=API&utm_medium=Public
BRUHER20230725HV9211;BRU;HER;2023-07-25T07:15:00;2023-07-25T11:40:00;HV;9211;292.0;https://www.transavia.com/nl-NL/bookingtool/flights/deeplink?ds=BRU&as=HER&ap=1&cp=0&od=25&om=7&oy=2023&utm_source=API&utm_medium=Public
BRUHER20230727HV9211;BRU;HER;2023-07-27T15:55:00;2023-07-27T20:20:00;HV;9211;206.0;https://www.transavia.com/nl-NL/bookingtool/flights/deeplink?ds=BRU&as=HER&ap=1&cp=0&od=27&om=7&oy=2023&utm_source=API&utm_medium=Public
BRUHER20230729HV9209;BRU;HER;2023-07-29T06:35:00;2023-07-29T11:00:00;HV;9209;241.0;https://www.transavia.com/nl-NL/bookingtool/flights/deeplink?ds=BRU&as=HER&ap=1&cp=0&od=29&om=7&oy=2023&utm_source=API&utm_medium=Public
BRUHER20230801HV9211;BRU;HER;2023-08-01T07:15:00;2023-08-01T11:40:00;HV;9211;329.0;https://www.transavia.com/nl-NL/bookingtool/flights/deeplink?ds=BRU&as=HER&ap=1&cp=0&od=1&om=8&oy=2023&utm_source=API&utm_medium=Public
BRUHER20230803HV9211;BRU;HER;2023-08-03T15:55:00;2023-08-03T20:20:00;HV;9211;191.0;https://www.transavia.com/nl-NL/bookingtool/flights/deeplink?ds=BRU&as=HER&ap=1&cp=0&od=3&om=8&oy=2023&utm_source=API&utm_medium=Public
BRUHER20230805HV9209;BRU;HER;2023-08-05T06:35:00;2023-08-05T11:00:00;HV;9209;309.0;https://www.transavia.com/nl-NL/bookingtool/flights/deeplink?ds=BRU&as=HER&ap=1&cp=0&od=5&om=8&oy=2023&utm_source=API&utm_medium=Public
BRUHER20230808HV9211;BRU;HER;2023-08-08T07:15:00;2023-08-08T11:40:00;HV;9211;257.0;https://www.transavia.com/nl-NL/bookingtool/flights/deeplink?ds=BRU&as=HER&ap=1&cp=0&od=8&om=8&oy=2023&utm_source=API&utm_medium=Public
BRUHER20230810HV9211;BRU;HER;2023-08-10T15:55:00;2023-08-10T20:20:00;HV;9211;175.0;https://www.transavia.com/nl-NL/bookingtool/flights/deeplink?ds=BRU&as=HER&ap=1&cp=0&od=10&om=8&oy=2023&utm_source=API&utm_medium=Public
BRUHER20230812HV9209;BRU;HER;2023-08-12T06:35:00;2023-08-12T11:00:00;HV;9209;207.0;https://www.transavia.com/nl-NL/bookingtool/flights/deeplink?ds=BRU&as=HER&ap=1&cp=0&od=12&om=8&oy=2023&utm_source=API&utm_medium=Public
BRUHER20230815HV9211;BRU;HER;2023-08-15T07:15:00;2023-08-15T11:40:00;HV;9211;161.0;https://www.transavia.com/nl-NL/bookingtool/flights/deeplink?ds=BRU&as=HER&ap=1&cp=0&od=15&om=8&oy=2023&utm_source=API&utm_medium=Public
BRUHER20230817HV9211;BRU;HER;2023-08-17T15:55:00;2023-08-17T20:20:00;HV;9211;104.0;https://www.transavia.com/nl-NL/bookingtool/flights/deeplink?ds=BRU&as=HER&ap=1&cp=0&od=17&om=8&oy=2023&utm_source=API&utm_medium=Public
BRUHER20230819HV9209;BRU;HER;2023-08-19T06:35:00;2023-08-19T11:00:00;HV;9209;161.0;https://www.transavia.com/nl-NL/bookingtool/flights/deeplink?ds=BRU&as=HER&ap=1&cp=0&od=19&om=8&oy=2023&utm_source=API&utm_medium=Public
BRUHER20230822HV9211;BRU;HER;2023-08-22T07:15:00;2023-08-22T11:40:00;HV;9211;146.0;https://www.transavia.com/nl-NL/bookingtool/flights/deeplink?ds=BRU&as=HER&ap=1&cp=0&od=22&om=8&oy=2023&utm_source=API&utm_medium=Public
BRUHER20230824HV9211;BRU;HER;2023-08-24T15:55:00;2023-08-24T20:20:00;HV;9211;59.0;https://www.transavia.com/nl-NL/bookingtool/flights/deeplink?ds=BRU&as=HER&ap=1&cp=0&od=24&om=8&oy=2023&utm_source=API&utm_medium=Public
BRUHER20230826HV9209;BRU;HER;2023-08-26T06:35:00;2023-08-26T11:00:00;HV;9209;117.0;https://www.transavia.com/nl-NL/bookingtool/flights/deeplink?ds=BRU&as=HER&ap=1&cp=0&od=26&om=8&oy=2023&utm_source=API&utm_medium=Public
BRUHER20230829HV9211;BRU;HER;2023-08-29T07:15:00;2023-08-29T11:40:00;HV;9211;104.0;https://www.transavia.com/nl-NL/bookingtool/flights/deeplink?ds=BRU&as=HER&ap=1&cp=0&od=29&om=8&oy=2023&utm_source=API&utm_medium=Public
BRUHER20230902HV9209;BRU;HER;2023-09-02T06:35:00;2023-09-02T11:00:00;HV;9209;175.0;https://www.transavia.com/nl-NL/bookingtool/flights/deeplink?ds=BRU&as=HER&ap=1&cp=0&od=2&om=9&oy=2023&utm_source=API&utm_medium=Public
BRUHER20230905HV9211;BRU;HER;2023-09-05T07:15:00;2023-09-05T11:40:00;HV;9211;161.0;https://www.transavia.com/nl-NL/bookingtool/flights/deeplink?ds=BRU&as=HER&ap=1&cp=0&od=5&om=9&oy=2023&utm_source=API&utm_medium=Public
BRUHER20230909HV9209;BRU;HER;2023-09-09T06:35:00;2023-09-09T11:00:00;HV;9209;161.0;https://www.transavia.com/nl-NL/bookingtool/flights/deeplink?ds=BRU&as=HER&ap=1&cp=0&od=9&om=9&oy=2023&utm_source=API&utm_medium=Public
BRUHER20230912HV9211;BRU;HER;2023-09-12T07:15:00;2023-09-12T11:40:00;HV;9211;175.0;https://www.transavia.com/nl-NL/bookingtool/flights/deeplink?ds=BRU&as=HER&ap=1&cp=0&od=12&om=9&oy=2023&utm_source=API&utm_medium=Public
BRUHER20230916HV9209;BRU;HER;2023-09-16T06:35:00;2023-09-16T11:00:00;HV;9209;131.0;https://www.transavia.com/nl-NL/bookingtool/flights/deeplink?ds=BRU&as=HER&ap=1&cp=0&od=16&om=9&oy=2023&utm_source=API&utm_medium=Public
BRUHER20230919HV9211;BRU;HER;2023-09-19T07:15:00;2023-09-19T11:40:00;HV;9211;104.0;https://www.transavia.com/nl-NL/bookingtool/flights/deeplink?ds=BRU&as=HER&ap=1&cp=0&od=19&om=9&oy=2023&utm_source=API&utm_medium=Public
BRUHER20230923HV9209;BRU;HER;2023-09-23T06:35:00;2023-09-23T11:00:00;HV;9209;117.0;https://www.transavia.com/nl-NL/bookingtool/flights/deeplink?ds=BRU&as=HER&ap=1&cp=0&od=23&om=9&oy=2023&utm_source=API&utm_medium=Public
BRUHER20230926HV9211;BRU;HER;2023-09-26T07:15:00;2023-09-26T11:40:00;HV;9211;81.0;https://www.transavia.com/nl-NL/bookingtool/flights/deeplink?ds=BRU&as=HER&ap=1&cp=0&od=26&om=9&oy=2023&utm_source=API&utm_medium=Public
BRUHER20230930HV9209;BRU;HER;2023-09-30T06:35:00;2023-09-30T11:00:00;HV;9209;161.0;https://www.transavia.com/nl-NL/bookingtool/flights/deeplink?ds=BRU&as=HER&ap=1&cp=0&od=30&om=9&oy=2023&utm_source=API&utm_medium=Public
